;DEPO 1M;DEPO 3M;DEPO 6M;DEPO 12M;IRS 2Y;IRS 3Y;IRS 4Y;IRS 5Y;IRS 7Y;IRS 10Y
02/01/1995;6;6.5;7;7.75;8.17;8.24;8.25;8.22;8.24;8.25
03/01/1995;5.938;6.5;7;7.813;8.22;8.28;8.29;8.29;8.3;8.31
04/01/1995;5.938;6.5;7;7.813;8.13;8.2;8.23;8.24;8.26;8.28
05/01/1995;5.898;6.438;6.938;7.688;8.145;8.22;8.26;8.27;8.29;8.3
06/01/1995;5.875;6.438;6.938;7.688;8.07;8.2;8.25;8.27;8.29;8.29
09/01/1995;5.875;6.375;6.875;7.688;8.135;8.25;8.29;8.31;8.33;8.34
10/01/1995;5.875;6.375;6.875;7.688;8.09;8.21;8.25;8.25;8.26;8.27
11/01/1995;5.875;6.336;6.875;7.625;8.07;8.2;8.23;8.24;8.25;8.27
12/01/1995;5.813;6.25;6.758;7.563;8.02;8.15;8.19;8.22;8.24;8.26
13/01/1995;5.813;6.25;6.75;7.523;7.8;7.96;8.03;8.05;8.08;8.13
16/01/1995;5.75;6.188;6.625;7.313;7.79;7.96;8.04;8.07;8.08;8.13
17/01/1995;5.75;6.188;6.625;7.313;7.88;8.04;8.11;8.13;8.15;8.18
18/01/1995;5.875;6.313;6.75;7.438;7.93;8.06;8.11;8.14;8.16;8.18
19/01/1995;6;6.375;6.813;7.5;7.94;8.08;8.13;8.16;8.16;8.19
20/01/1995;6;6.313;6.75;7.453;7.94;8.08;8.14;8.2;8.23;8.26
23/01/1995;6;6.313;6.75;7.438;7.975;8.13;8.19;8.22;8.26;8.32
24/01/1995;6;6.313;6.75;7.438;7.98;8.14;8.2;8.24;8.28;8.33
25/01/1995;6.063;6.375;6.813;7.5;7.92;8.08;8.16;8.22;8.26;8.31
26/01/1995;6;6.313;6.75;7.414;7.81;7.99;8.08;8.14;8.18;8.25
27/01/1995;6;6.313;6.688;7.313;7.66;7.84;7.93;8.01;8.06;8.12
30/01/1995;6.063;6.313;6.688;7.25;7.63;7.78;7.88;7.95;8.01;8.1
31/01/1995;6.094;6.313;6.688;7.25;7.63;7.79;7.88;7.94;8;8.06
01/02/1995;6.125;6.313;6.656;7.25;7.59;7.75;7.83;7.88;7.95;8.02
02/02/1995;6.125;6.313;6.688;7.32;7.8;7.93;7.99;8.02;8.07;8.12
03/02/1995;6.125;6.313;6.688;7.313;7.5;7.65;7.74;7.81;7.87;7.94
06/02/1995;6.109;6.25;6.563;7.125;7.54;7.69;7.77;7.82;7.88;7.95
07/02/1995;6.125;6.25;6.563;7.125;7.51;7.66;7.75;7.81;7.87;7.94
08/02/1995;6.125;6.25;6.563;7.125;7.51;7.67;7.76;7.8;7.87;7.95
09/02/1995;6.125;6.25;6.563;7.125;7.53;7.7;7.79;7.83;7.91;7.99
10/02/1995;6.094;6.25;6.563;7.133;7.69;7.83;7.9;7.95;8;8.07
13/02/1995;6.125;6.313;6.625;7.25;7.68;7.82;7.89;7.94;7.98;8.05
14/02/1995;6.125;6.313;6.625;7.25;7.56;7.7;7.77;7.82;7.88;7.95
15/02/1995;6.125;6.25;6.563;7.188;7.42;7.55;7.63;7.71;7.77;7.84
16/02/1995;6.125;6.25;6.563;7.063;7.36;7.51;7.59;7.65;7.72;7.82
17/02/1995;6.125;6.25;6.5;7;7.38;7.53;7.62;7.69;7.76;7.85
20/02/1995;6.125;6.25;6.5;7;7.41;7.56;7.63;7.68;7.74;7.84
21/02/1995;6.125;6.25;6.5;7;7.39;7.54;7.62;7.68;7.75;7.85
22/02/1995;6.117;6.25;6.5;7;7.25;7.41;7.5;7.6;7.7;7.83
23/02/1995;6.063;6.188;6.375;6.75;7.04;7.21;7.32;7.4;7.52;7.65
24/02/1995;6.086;6.234;6.438;6.813;7.18;7.34;7.44;7.5;7.62;7.74
27/02/1995;6.125;6.25;6.438;6.75;7.07;7.22;7.3;7.38;7.5;7.66
28/02/1995;6.125;6.25;6.438;6.75;7.13;7.28;7.37;7.44;7.55;7.7
01/03/1995;6.125;6.25;6.438;6.75;7.03;7.17;7.25;7.33;7.45;7.59
02/03/1995;6.125;6.25;6.438;6.813;7.14;7.27;7.36;7.45;7.57;7.69
03/03/1995;6.125;6.25;6.484;6.867;7.21;7.35;7.44;7.51;7.64;7.79
06/03/1995;6.125;6.313;6.5;6.938;7.27;7.42;7.51;7.57;7.7;7.86
07/03/1995;6.125;6.313;6.5;6.938;7.27;7.4;7.48;7.56;7.69;7.86
08/03/1995;6.125;6.313;6.563;7;7.23;7.37;7.46;7.51;7.63;7.8
09/03/1995;6.125;6.313;6.5;6.914;7.13;7.26;7.35;7.42;7.54;7.71
10/03/1995;6.125;6.313;6.5;6.813;7.11;7.24;7.33;7.39;7.5;7.66
13/03/1995;6.125;6.313;6.5;6.813;7.02;7.14;7.23;7.3;7.43;7.61
14/03/1995;6.125;6.25;6.438;6.75;6.95;7.08;7.17;7.24;7.37;7.53
15/03/1995;6.125;6.25;6.438;6.75;6.98;7.11;7.19;7.25;7.38;7.53
16/03/1995;6.125;6.25;6.438;6.75;6.89;7.01;7.1;7.15;7.27;7.42
17/03/1995;6.125;6.25;6.438;6.75;6.96;7.09;7.19;7.26;7.38;7.53
20/03/1995;6.125;6.25;6.438;6.75;6.96;7.09;7.19;7.26;7.38;7.54
21/03/1995;6.125;6.25;6.438;6.75;6.95;7.08;7.18;7.26;7.38;7.54
22/03/1995;6.125;6.25;6.438;6.75;6.99;7.14;7.25;7.33;7.46;7.62
23/03/1995;6.125;6.25;6.438;6.75;6.98;7.12;7.24;7.3;7.42;7.59
24/03/1995;6.125;6.25;6.438;6.75;6.91;7.06;7.16;7.24;7.37;7.54
27/03/1995;6.125;6.25;6.438;6.688;6.87;7;7.11;7.2;7.33;7.48
28/03/1995;6.125;6.25;6.438;6.688;6.94;7.08;7.18;7.27;7.4;7.55
29/03/1995;6.125;6.305;6.5;6.75;6.93;7.07;7.17;7.24;7.37;7.53
30/03/1995;6.125;6.25;6.438;6.75;6.97;7.12;7.22;7.29;7.42;7.57
31/03/1995;6.125;6.25;6.5;6.813;7.08;7.22;7.32;7.39;7.5;7.64
03/04/1995;6.188;6.313;6.5;6.875;7.05;7.17;7.25;7.31;7.43;7.57
04/04/1995;6.188;6.313;6.5;6.813;6.99;7.11;7.2;7.26;7.39;7.53
05/04/1995;6.125;6.25;6.438;6.75;6.97;7.09;7.18;7.25;7.38;7.53
06/04/1995;6.125;6.25;6.438;6.75;6.93;7.04;7.13;7.22;7.35;7.51
07/04/1995;6.125;6.25;6.438;6.719;6.91;7.03;7.13;7.23;7.36;7.53
10/04/1995;6.125;6.25;6.438;6.695;6.95;7.07;7.17;7.25;7.38;7.55
11/04/1995;6.125;6.25;6.438;6.688;6.9;7.03;7.13;7.21;7.37;7.54
12/04/1995;6.125;6.25;6.438;6.688;6.88;7.01;7.11;7.19;7.32;7.49
13/04/1995;6.125;6.25;6.438;6.688;6.76;6.89;6.99;7.1;7.26;7.44
14/04/1995;6.125;6.25;6.438;6.688;6.76;6.89;6.99;7.1;7.26;7.44
17/04/1995;6.125;6.25;6.438;6.688;6.71;6.84;6.94;7.04;7.2;7.4
18/04/1995;6.125;6.25;6.375;6.563;6.68;6.81;6.92;7.02;7.18;7.4
19/04/1995;6.125;6.25;6.375;6.563;6.77;6.9;7.01;7.12;7.28;7.5
20/04/1995;6.125;6.25;6.375;6.563;6.7;6.83;6.95;7.05;7.22;7.44
21/04/1995;6.063;6.188;6.313;6.5;6.69;6.82;6.94;7.05;7.21;7.43
24/04/1995;6.063;6.188;6.313;6.5;6.71;6.84;6.96;7.07;7.22;7.43
25/04/1995;6.063;6.188;6.313;6.5;6.74;6.88;6.99;7.09;7.23;7.43
26/04/1995;6.063;6.188;6.313;6.5;6.75;6.89;7.01;7.11;7.25;7.44
27/04/1995;6.063;6.188;6.313;6.563;6.79;6.93;7.04;7.12;7.26;7.44
28/04/1995;6.063;6.188;6.375;6.625;6.87;7.01;7.11;7.2;7.34;7.51
01/05/1995;6.063;6.188;6.375;6.625;6.86;6.99;7.1;7.17;7.3;7.47
02/05/1995;6.063;6.188;6.375;6.625;6.81;6.94;7.04;7.12;7.27;7.45
03/05/1995;6.063;6.188;6.313;6.563;6.7;6.83;6.94;7.02;7.18;7.38
04/05/1995;6.063;6.188;6.313;6.5;6.6;6.73;6.84;6.92;7.06;7.25
05/05/1995;6.063;6.188;6.25;6.438;6.38;6.5;6.62;6.72;6.86;7.06
08/05/1995;6.063;6.188;6.25;6.438;6.37;6.5;6.61;6.7;6.85;7.06
09/05/1995;6.063;6.125;6.188;6.25;6.21;6.34;6.46;6.55;6.7;6.91
10/05/1995;6.063;6.063;6.125;6.125;6.23;6.36;6.47;6.54;6.69;6.91
11/05/1995;6.063;6.125;6.125;6.188;6.42;6.56;6.66;6.74;6.87;7.06
12/05/1995;6.063;6.125;6.188;6.25;6.38;6.54;6.65;6.71;6.86;7.04
15/05/1995;6.063;6.125;6.172;6.25;6.34;6.49;6.6;6.67;6.81;6.98
16/05/1995;6.063;6.125;6.137;6.215;6.3;6.44;6.54;6.62;6.75;6.93
17/05/1995;6.063;6.125;6.125;6.188;6.28;6.41;6.52;6.6;6.73;6.89
18/05/1995;6.063;6.125;6.125;6.188;6.34;6.48;6.59;6.67;6.8;6.95
19/05/1995;6.063;6.125;6.188;6.25;6.36;6.5;6.61;6.68;6.82;6.98
22/05/1995;6.063;6.125;6.188;6.25;6.37;6.51;6.62;6.7;6.82;6.99
23/05/1995;6.063;6.125;6.188;6.25;6.32;6.46;6.57;6.64;6.78;6.96
24/05/1995;6.063;6.125;6.125;6.125;6.16;6.29;6.4;6.48;6.62;6.8
25/05/1995;6.063;6.063;6.063;6.063;6.13;6.26;6.37;6.44;6.59;6.79
26/05/1995;6.063;6.063;6.063;6.063;6.13;6.26;6.36;6.45;6.6;6.78
29/05/1995;6.063;6.063;6.063;6.063;6.13;6.26;6.36;6.45;6.6;6.78
30/05/1995;6.063;6.063;6.063;6.063;6.05;6.17;6.28;6.36;6.5;6.7
31/05/1995;6.063;6.063;6;6;6.05;6.17;6.28;6.36;6.51;6.71
01/06/1995;6.063;6.063;6;6;5.9;6.02;6.13;6.24;6.39;6.61
02/06/1995;6.055;6;5.875;5.875;5.62;5.76;5.89;6;6.18;6.45
05/06/1995;6;5.875;5.75;5.637;5.66;5.79;5.93;6.05;6.23;6.48
06/06/1995;6.008;5.938;5.813;5.746;5.72;5.83;5.97;6.08;6.27;6.49
07/06/1995;6.008;5.938;5.813;5.75;5.75;5.87;6.01;6.12;6.28;6.5
08/06/1995;6.063;6.039;5.969;5.938;6.02;6.14;6.24;6.33;6.46;6.64
09/06/1995;6.063;6.063;6;6;6.16;6.27;6.37;6.47;6.59;6.79
12/06/1995;6.07;6.063;6.063;6.063;6.14;6.28;6.39;6.49;6.61;6.8
13/06/1995;6.063;6.063;6;6;5.88;6.01;6.155;6.26;6.4;6.62
14/06/1995;6.063;6;5.875;5.813;5.83;5.96;6.09;6.2;6.36;6.57
15/06/1995;6.063;6;5.875;5.813;5.83;5.96;6.08;6.19;6.34;6.56
16/06/1995;6.063;6.063;5.938;5.938;5.94;6.07;6.2;6.3;6.45;6.66
19/06/1995;6.063;6.063;5.938;5.875;5.85;5.99;6.12;6.22;6.37;6.58
20/06/1995;6.063;6.031;5.938;5.813;5.89;6.01;6.13;6.24;6.37;6.58
21/06/1995;6.063;6;5.875;5.75;5.84;5.98;6.1;6.23;6.36;6.56
22/06/1995;6.063;6;5.875;5.813;5.74;5.87;6;6.13;6.26;6.46
23/06/1995;6.063;5.938;5.813;5.688;5.77;5.9;6.03;6.13;6.27;6.47
26/06/1995;6.063;5.938;5.813;5.75;5.8;5.93;6.05;6.16;6.32;6.5
27/06/1995;6.063;6;5.875;5.813;5.83;5.95;6.07;6.2;6.35;6.58
28/06/1995;6.117;6;5.887;5.813;5.84;5.97;6.1;6.22;6.36;6.54
29/06/1995;6.066;6;5.875;5.762;6.02;6.14;6.25;6.35;6.5;6.67
30/06/1995;6.125;6.059;5.996;5.984;6;6.11;6.22;6.32;6.46;6.65
03/07/1995;6.125;6;5.938;5.875;5.93;6.06;6.15;6.25;6.42;6.61
04/07/1995;6.125;6;5.938;5.875;5.94;6.06;6.16;6.26;6.42;6.61
05/07/1995;6.063;6;5.938;5.875;5.93;6.05;6.16;6.24;6.4;6.59
06/07/1995;6.063;5.949;5.914;5.875;5.95;6.07;6.18;6.29;6.43;6.62
07/07/1995;5.875;5.813;5.75;5.641;5.71;5.84;5.96;6.05;6.2;6.43
10/07/1995;5.879;5.875;5.75;5.688;5.73;5.85;5.96;6.04;6.18;6.42
11/07/1995;5.906;5.875;5.75;5.688;5.76;5.88;6;6.08;6.24;6.47
12/07/1995;5.879;5.875;5.75;5.75;5.79;5.92;6.03;6.13;6.27;6.5
13/07/1995;5.875;5.813;5.75;5.688;5.77;5.9;6.02;6.12;6.27;6.5
14/07/1995;5.875;5.813;5.75;5.688;5.89;6.03;6.15;6.24;6.37;6.57
17/07/1995;5.875;5.875;5.813;5.813;5.89;6.03;6.15;6.24;6.37;6.57
18/07/1995;5.875;5.875;5.813;5.813;5.91;6.06;6.17;6.27;6.4;6.62
19/07/1995;5.875;5.875;5.875;5.875;6.05;6.21;6.34;6.44;6.58;6.79
20/07/1995;5.875;5.922;5.934;5.934;6.07;6.25;6.39;6.47;6.61;6.84
21/07/1995;5.875;5.875;5.875;5.875;6.06;6.24;6.38;6.49;6.64;6.84
24/07/1995;5.922;5.938;5.938;6;6.15;6.31;6.46;6.56;6.71;6.89
25/07/1995;5.887;5.934;5.938;6;6.13;6.3;6.43;6.53;6.66;6.84
26/07/1995;5.875;5.883;5.906;5.938;6.12;6.29;6.42;6.54;6.67;6.85
27/07/1995;5.875;5.918;5.938;5.965;6.11;6.27;6.42;6.52;6.67;6.86
28/07/1995;5.875;5.875;5.875;5.875;6.06;6.24;6.37;6.49;6.63;6.83
31/07/1995;5.875;5.875;5.875;5.938;6.07;6.24;6.38;6.49;6.65;6.87
01/08/1995;5.875;5.875;5.875;5.875;6.11;6.28;6.41;6.53;6.69;6.9
02/08/1995;5.875;5.875;5.875;5.93;6.05;6.22;6.33;6.44;6.6;6.82
03/08/1995;5.875;5.875;5.875;5.93;6.12;6.29;6.43;6.53;6.68;6.9
04/08/1995;5.875;5.875;5.934;5.938;6.12;6.29;6.43;6.53;6.68;6.9
07/08/1995;5.875;5.875;5.934;5.938;6.09;6.24;6.39;6.5;6.65;6.88
08/08/1995;5.875;5.875;5.879;5.914;6.05;6.21;6.36;6.46;6.61;6.84
09/08/1995;5.875;5.875;5.875;5.922;6.11;6.29;6.44;6.56;6.7;6.92
10/08/1995;5.875;5.875;5.875;5.93;6.11;6.29;6.43;6.55;6.7;6.91
11/08/1995;5.875;5.875;5.875;5.938;6.23;6.41;6.55;6.665;6.635;6.945
14/08/1995;5.875;5.938;5.938;6.055;6.24;6.42;6.57;6.68;6.82;7.02
15/08/1995;5.883;5.938;5.965;6.063;6.31;6.49;6.62;6.74;6.85;7.04
16/08/1995;5.938;5.941;6;6.086;6.28;6.44;6.57;6.67;6.8;6.98
17/08/1995;5.938;5.938;5.996;6.063;6.3;6.47;6.59;6.69;6.83;6.98
18/08/1995;5.938;5.938;6;6.105;6.31;6.47;6.59;6.7;6.82;6.98
21/08/1995;5.938;5.938;6;6.063;6.23;6.39;6.5;6.61;6.73;6.91
22/08/1995;5.938;5.938;5.988;6.063;6.26;6.42;6.54;6.65;6.79;6.95
23/08/1995;5.938;5.938;5.992;6.063;6.28;6.44;6.57;6.68;6.81;6.97
24/08/1995;5.938;5.938;6;6.063;6.17;6.33;6.48;6.6;6.74;6.92
25/08/1995;5.875;5.898;5.938;5.988;6.1;6.26;6.39;6.51;6.65;6.84
28/08/1995;5.875;5.898;5.938;5.988;6.05;6.21;6.35;6.44;6.59;6.76
29/08/1995;5.875;5.875;5.883;5.898;6.05;6.22;6.34;6.45;6.6;6.77
30/08/1995;5.875;5.875;5.906;5.938;6.04;6.19;6.33;6.42;6.55;6.73
31/08/1995;5.875;5.883;5.906;5.938;6.04;6.19;6.31;6.43;6.56;6.74
01/09/1995;5.875;5.875;5.906;5.926;5.95;6.1;6.22;6.31;6.44;6.62
04/09/1995;5.875;5.875;5.875;5.875;5.95;6.1;6.23;6.33;6.48;6.64
05/09/1995;5.875;5.875;5.879;5.879;5.94;6.07;6.19;6.28;6.42;6.58
06/09/1995;5.875;5.875;5.875;5.875;5.95;6.08;6.19;6.29;6.42;6.59
07/09/1995;5.875;5.875;5.875;5.875;5.94;6.06;6.18;6.27;6.41;6.58
08/09/1995;5.875;5.875;5.875;5.875;6;6.13;6.25;6.34;6.47;6.64
11/09/1995;5.875;5.875;5.875;5.875;5.99;6.12;6.24;6.33;6.46;6.63
12/09/1995;5.875;5.875;5.875;5.875;5.95;6.08;6.19;6.29;6.42;6.59
13/09/1995;5.875;5.875;5.875;5.875;5.95;6.07;6.19;6.28;6.4;6.58
14/09/1995;5.875;5.871;5.867;5.863;5.84;5.97;6.1;6.19;6.33;6.51
15/09/1995;5.813;5.813;5.797;5.762;5.86;5.99;6.12;6.24;6.36;6.54
18/09/1995;5.813;5.813;5.813;5.809;5.9;6.03;6.16;6.25;6.39;6.57
19/09/1995;5.813;5.813;5.813;5.813;5.89;6.02;6.14;6.25;6.39;6.56
20/09/1995;5.813;5.813;5.813;5.809;5.87;6.01;6.13;6.23;6.37;6.54
21/09/1995;5.813;5.813;5.813;5.797;5.97;6.09;6.2;6.31;6.43;6.59
22/09/1995;5.836;5.836;5.84;5.844;6.01;6.14;6.26;6.37;6.5;6.68
25/09/1995;5.867;5.867;5.875;5.875;6.03;6.17;6.29;6.4;6.53;6.69
26/09/1995;5.871;5.871;5.875;5.875;6.02;6.14;6.25;6.34;6.48;6.64
27/09/1995;5.875;5.875;5.93;5.938;6.11;6.24;6.34;6.45;6.58;6.74
28/09/1995;5.875;5.938;5.938;5.938;6.08;6.19;6.31;6.39;6.51;6.67
29/09/1995;5.875;5.953;5.945;6;6.04;6.17;6.27;6.35;6.47;6.63
02/10/1995;5.875;5.938;5.938;5.938;5.97;6.08;6.17;6.25;6.37;6.52
03/10/1995;5.875;5.938;5.938;5.938;5.97;6.08;6.17;6.25;6.38;6.53
04/10/1995;5.875;5.938;5.938;5.934;5.93;6.04;6.13;6.21;6.34;6.51
05/10/1995;5.875;5.938;5.914;5.875;5.9;6;6.09;6.17;6.3;6.48
06/10/1995;5.875;5.938;5.91;5.875;5.92;6.02;6.12;6.19;6.31;6.48
09/10/1995;5.875;5.938;5.918;5.875;5.93;6.04;6.12;6.19;6.32;6.48
10/10/1995;5.875;5.938;5.918;5.875;5.91;6.01;6.11;6.18;6.3;6.46
11/10/1995;5.875;5.938;5.918;5.875;6.05;6.095;6.14;6.22;6.34;6.5
12/10/1995;5.875;5.938;5.914;5.875;5.92;6.01;6.11;6.18;6.31;6.47
13/10/1995;5.875;5.938;5.887;5.875;5.87;5.96;6.05;6.11;6.23;6.38
16/10/1995;5.875;5.938;5.875;5.875;5.86;5.95;6.02;6.09;6.22;6.36
17/10/1995;5.875;5.938;5.875;5.863;5.86;5.94;6.02;6.09;6.21;6.38
18/10/1995;5.875;5.938;5.875;5.859;5.85;5.93;6.02;6.1;6.21;6.36
19/10/1995;5.875;5.938;5.875;5.871;5.87;5.96;6.06;6.13;6.24;6.38
20/10/1995;5.867;5.938;5.875;5.875;5.9;5.98;6.07;6.16;6.28;6.42
23/10/1995;5.875;5.938;5.875;5.875;5.94;6.03;6.12;6.2;6.32;6.47
24/10/1995;5.875;5.938;5.902;5.895;5.9;6;6.08;6.17;6.29;6.44
25/10/1995;5.871;5.938;5.875;5.875;5.83;5.92;6.02;6.1;6.23;6.4
26/10/1995;5.836;5.938;5.875;5.813;5.83;5.92;6.01;6.1;6.24;6.42
27/10/1995;5.84;5.938;5.875;5.813;5.86;5.97;6.07;6.16;6.31;6.48
30/10/1995;5.832;5.938;5.875;5.813;5.84;5.94;6.04;6.13;6.27;6.45
31/10/1995;5.832;5.938;5.875;5.813;5.83;5.93;6.03;6.12;6.25;6.43
01/11/1995;5.828;5.938;5.875;5.813;5.71;5.82;5.92;6.01;6.16;6.35
02/11/1995;5.816;5.906;5.813;5.75;5.65;5.76;5.88;5.98;6.13;6.32
03/11/1995;5.813;5.875;5.75;5.688;5.67;5.78;5.89;5.98;6.14;6.32
06/11/1995;5.813;5.875;5.762;5.688;5.67;5.785;5.9;6;6.15;6.34
07/11/1995;5.813;5.875;5.754;5.688;5.71;5.83;5.95;6.04;6.2;6.38
08/11/1995;5.813;5.875;5.75;5.688;5.65;5.78;5.89;5.99;6.14;6.32
09/11/1995;5.813;5.875;5.75;5.688;5.66;5.78;5.89;6;6.15;6.34
10/11/1995;5.813;5.875;5.75;5.688;5.7;5.82;5.94;6.05;6.2;6.39
13/11/1995;5.813;5.875;5.75;5.688;5.67;5.79;5.9;6;6.16;6.36
14/11/1995;5.813;5.875;5.75;5.688;5.65;5.77;5.88;5.98;6.14;6.33
15/11/1995;5.813;5.875;5.75;5.688;5.65;5.77;5.87;5.98;6.15;6.34
16/11/1995;5.813;5.875;5.75;5.688;5.62;5.74;5.86;5.95;6.1;6.3
17/11/1995;5.813;5.875;5.75;5.684;5.62;5.73;5.84;5.94;6.1;6.3
20/11/1995;5.813;5.863;5.688;5.625;5.61;5.74;5.85;5.95;6.11;6.31
21/11/1995;5.813;5.867;5.688;5.625;5.63;5.75;5.87;5.97;6.14;6.32
22/11/1995;5.813;5.867;5.688;5.625;5.65;5.77;5.89;6;6.16;6.35
23/11/1995;5.813;5.875;5.688;5.625;5.63;5.75;5.88;6;6.16;6.35
24/11/1995;5.824;5.867;5.688;5.625;5.63;5.75;5.87;5.98;6.14;6.33
27/11/1995;5.844;5.871;5.688;5.625;5.61;5.72;5.84;5.95;6.11;6.3
28/11/1995;5.855;5.875;5.691;5.625;5.63;5.75;5.87;5.99;6.14;6.31
29/11/1995;5.973;5.875;5.695;5.625;5.6;5.71;5.82;5.94;6.1;6.28
30/11/1995;5.977;5.875;5.688;5.625;5.51;5.61;5.72;5.83;5.98;6.17
01/12/1995;5.938;5.828;5.676;5.563;5.47;5.56;5.67;5.78;5.93;6.13
04/12/1995;5.938;5.813;5.648;5.559;5.42;5.51;5.6;5.7;5.85;6.02
05/12/1995;5.938;5.813;5.625;5.5;5.43;5.51;5.61;5.71;5.85;6.03
06/12/1995;5.938;5.813;5.625;5.5;5.44;5.53;5.63;5.72;5.85;6
07/12/1995;5.938;5.809;5.625;5.5;5.49;5.6;5.7;5.8;5.94;6.1
08/12/1995;5.934;5.809;5.625;5.504;5.47;5.58;5.68;5.79;5.94;6.11
11/12/1995;5.93;5.813;5.629;5.52;5.5;5.6;5.7;5.8;5.94;6.1
12/12/1995;5.934;5.813;5.637;5.527;5.51;5.62;5.72;5.82;5.96;6.12
13/12/1995;5.938;5.813;5.66;5.563;5.52;5.62;5.73;5.84;5.97;6.13
14/12/1995;5.938;5.813;5.664;5.563;5.48;5.58;5.7;5.8;5.95;6.11
15/12/1995;5.93;5.813;5.656;5.555;5.46;5.58;5.68;5.79;5.95;6.11
18/12/1995;5.93;5.813;5.664;5.555;5.51;5.63;5.76;5.87;6.02;6.2
19/12/1995;5.93;5.813;5.66;5.563;5.52;5.66;5.79;5.9;6.05;6.24
20/12/1995;5.75;5.668;5.555;5.438;5.41;5.54;5.67;5.77;5.94;6.12
21/12/1995;5.75;5.68;5.555;5.438;5.46;5.6;5.73;5.85;6;6.17
22/12/1995;5.75;5.68;5.563;5.438;5.44;5.58;5.7;5.81;5.95;6.14
25/12/1995;5.75;5.68;5.563;5.438;5.44;5.58;5.7;5.81;5.95;6.14
26/12/1995;5.75;5.68;5.563;5.438;5.44;5.58;5.7;5.81;5.95;6.14
27/12/1995;5.75;5.688;5.563;5.441;5.44;5.58;5.7;5.81;5.95;6.14
28/12/1995;5.688;5.629;5.531;5.438;5.36;5.5;5.61;5.72;5.87;6.05
29/12/1995;5.688;5.625;5.508;5.426;5.36;5.5;5.61;5.72;5.87;6.05
01/01/1996;5.688;5.625;5.508;5.426;5.36;5.5;5.61;5.72;5.87;6.05
02/01/1996;5.629;5.625;5.5;5.375;5.34;5.46;5.57;5.68;5.83;6
03/01/1996;5.625;5.625;5.5;5.375;5.31;5.42;5.54;5.63;5.79;5.97
04/01/1996;5.625;5.605;5.492;5.359;5.27;5.38;5.49;5.6;5.76;5.95
05/01/1996;5.625;5.605;5.484;5.359;5.33;5.45;5.57;5.69;5.86;6.07
08/01/1996;5.625;5.602;5.477;5.363;5.34;5.47;5.58;5.69;5.86;6.08
09/01/1996;5.625;5.598;5.477;5.363;5.33;5.46;5.59;5.71;5.88;6.09
10/01/1996;5.625;5.59;5.477;5.363;5.35;5.49;5.62;5.74;5.91;6.13
11/01/1996;5.625;5.609;5.496;5.375;5.37;5.52;5.66;5.77;5.95;6.18
12/01/1996;5.625;5.598;5.484;5.363;5.32;5.45;5.59;5.72;5.91;6.15
15/01/1996;5.625;5.574;5.449;5.332;5.3;5.43;5.58;5.69;5.89;6.13
16/01/1996;5.625;5.563;5.449;5.313;5.23;5.36;5.52;5.65;5.84;6.07
17/01/1996;5.613;5.559;5.434;5.25;5.2;5.34;5.49;5.61;5.79;6
18/01/1996;5.598;5.547;5.43;5.25;5.14;5.27;5.41;5.53;5.71;5.93
19/01/1996;5.563;5.5;5.375;5.188;5.15;5.28;5.43;5.56;5.74;5.96
22/01/1996;5.563;5.5;5.375;5.188;5.17;5.3;5.45;5.58;5.76;5.96
23/01/1996;5.563;5.5;5.375;5.25;5.2;5.34;5.5;5.63;5.81;6.02
24/01/1996;5.563;5.5;5.375;5.234;5.15;5.3;5.46;5.59;5.78;6
25/01/1996;5.563;5.5;5.375;5.211;5.22;5.39;5.54;5.67;5.86;6.09
26/01/1996;5.539;5.5;5.375;5.215;5.2;5.37;5.53;5.66;5.86;6.08
29/01/1996;5.5;5.441;5.363;5.188;5.21;5.38;5.54;5.7;5.88;6.1
30/01/1996;5.477;5.426;5.316;5.188;5.12;5.29;5.45;5.59;5.79;6.01
31/01/1996;5.438;5.375;5.266;5.125;5.08;5.25;5.41;5.55;5.75;5.99
01/02/1996;5.375;5.313;5.227;5.074;5.03;5.2;5.36;5.49;5.71;5.98
02/02/1996;5.375;5.313;5.188;5.063;4.98;5.16;5.33;5.47;5.7;5.99
05/02/1996;5.375;5.313;5.191;5.063;5.07;5.25;5.43;5.6;5.82;6.11
06/02/1996;5.375;5.313;5.188;5.063;5.05;5.23;5.41;5.56;5.79;6.06
07/02/1996;5.363;5.301;5.184;5.063;5.03;5.21;5.38;5.54;5.77;6.05
08/02/1996;5.344;5.305;5.184;5.035;5.03;5.21;5.4;5.56;5.79;6.07
09/02/1996;5.332;5.277;5.145;5.008;4.97;5.14;5.33;5.49;5.73;6.02
12/02/1996;5.313;5.258;5.129;5;4.96;5.13;5.32;5.49;5.74;6.04
13/02/1996;5.313;5.25;5.121;4.996;4.92;5.08;5.26;5.43;5.67;5.97
14/02/1996;5.313;5.25;5.125;4.996;4.94;5.09;5.27;5.43;5.69;5.99
15/02/1996;5.313;5.25;5.125;5;4.96;5.12;5.31;5.47;5.73;6.04
16/02/1996;5.313;5.25;5.125;5;5.02;5.19;5.37;5.54;5.8;6.12
19/02/1996;5.313;5.25;5.125;5;5.05;5.23;5.41;5.59;5.86;6.18
20/02/1996;5.313;5.25;5.133;5.031;5.13;5.32;5.51;5.69;5.95;6.28
21/02/1996;5.313;5.293;5.25;5.242;5.31;5.48;5.64;5.8;6.04;6.34
22/02/1996;5.313;5.27;5.207;5.195;5.27;5.45;5.63;5.79;6.03;6.33
23/02/1996;5.313;5.25;5.184;5.125;5.25;5.44;5.62;5.78;6.01;6.3
26/02/1996;5.313;5.25;5.188;5.188;5.35;5.54;5.72;5.87;6.13;6.43
27/02/1996;5.313;5.25;5.227;5.215;5.38;5.59;5.77;5.92;6.16;6.45
28/02/1996;5.313;5.27;5.25;5.25;5.47;5.68;5.84;5.98;6.19;6.44
29/02/1996;5.313;5.305;5.297;5.313;5.61;5.81;5.99;6.14;6.34;6.59
01/03/1996;5.313;5.313;5.309;5.313;5.41;5.63;5.81;5.93;6.14;6.4
04/03/1996;5.313;5.285;5.25;5.25;5.36;5.58;5.76;5.89;6.1;6.38
05/03/1996;5.313;5.254;5.238;5.234;5.42;5.63;5.8;5.93;6.13;6.39
06/03/1996;5.313;5.293;5.25;5.266;5.5;5.7;5.89;5.99;6.21;6.45
07/03/1996;5.313;5.301;5.27;5.313;5.54;5.74;5.94;6.08;6.28;6.53
08/03/1996;5.313;5.309;5.281;5.313;5.91;6.1;6.25;6.38;6.55;6.77
11/03/1996;5.375;5.414;5.441;5.691;5.945;6.155;6.305;6.405;6.605;6.845
12/03/1996;5.375;5.41;5.441;5.625;5.98;6.17;6.32;6.41;6.6;6.83
13/03/1996;5.375;5.414;5.441;5.672;5.93;6.13;6.27;6.39;6.56;6.79
14/03/1996;5.379;5.422;5.445;5.672;5.9;6.11;6.25;6.38;6.56;6.78
15/03/1996;5.383;5.422;5.438;5.672;5.98;6.18;6.33;6.47;6.65;6.88
18/03/1996;5.406;5.438;5.5;5.75;6.03;6.22;6.35;6.48;6.65;6.85
19/03/1996;5.406;5.438;5.5;5.746;6.03;6.23;6.37;6.48;6.65;6.84
20/03/1996;5.41;5.438;5.5;5.75;5.94;6.13;6.27;6.39;6.57;6.78
21/03/1996;5.402;5.438;5.457;5.688;5.93;6.1;6.24;6.37;6.54;6.74
22/03/1996;5.402;5.438;5.457;5.645;5.91;6.08;6.23;6.35;6.53;6.73
25/03/1996;5.41;5.438;5.469;5.664;5.86;6.04;6.19;6.31;6.49;6.69
26/03/1996;5.41;5.438;5.441;5.625;5.89;6.08;6.21;6.35;6.53;6.73
27/03/1996;5.422;5.438;5.449;5.625;5.93;6.12;6.25;6.37;6.53;6.71
28/03/1996;5.438;5.469;5.5;5.688;6.03;6.23;6.36;6.48;6.64;6.83
29/03/1996;5.438;5.473;5.5;5.723;5.98;6.17;6.32;6.45;6.62;6.81
01/04/1996;5.438;5.465;5.5;5.688;5.98;6.18;6.34;6.46;6.62;6.79
02/04/1996;5.438;5.469;5.5;5.688;5.98;6.18;6.34;6.46;6.62;6.79
03/04/1996;5.438;5.461;5.5;5.688;5.97;6.16;6.31;6.43;6.59;6.75
04/04/1996;5.438;5.465;5.5;5.688;5.98;6.18;6.34;6.45;6.61;6.78
05/04/1996;5.438;5.465;5.5;5.688;5.98;6.18;6.34;6.45;6.61;6.78
08/04/1996;5.438;5.465;5.5;5.688;6.29;6.52;6.66;6.78;6.92;7.07
09/04/1996;5.5;5.531;5.617;5.875;6.26;6.47;6.63;6.75;6.92;7.06
10/04/1996;5.5;5.535;5.617;5.871;6.26;6.46;6.63;6.74;6.9;7.06
11/04/1996;5.5;5.535;5.625;5.93;6.31;6.54;6.7;6.8;6.96;7.12
12/04/1996;5.5;5.523;5.625;5.91;6.2;6.41;6.57;6.68;6.87;7.03
15/04/1996;5.488;5.5;5.563;5.813;6.11;6.32;6.48;6.6;6.77;6.95
16/04/1996;5.477;5.5;5.563;5.813;6.13;6.34;6.5;6.63;6.79;6.95
17/04/1996;5.465;5.5;5.563;5.813;6.16;6.37;6.52;6.65;6.81;6.98
18/04/1996;5.445;5.5;5.563;5.813;6.19;6.41;6.58;6.7;6.88;7.05
19/04/1996;5.441;5.5;5.563;5.813;6.12;6.33;6.51;6.64;6.81;6.98
22/04/1996;5.438;5.484;5.559;5.801;6.07;6.28;6.45;6.58;6.76;6.93
23/04/1996;5.438;5.484;5.547;5.793;6.13;6.34;6.51;6.63;6.82;6.98
24/04/1996;5.438;5.48;5.551;5.797;6.12;6.33;6.49;6.62;6.81;6.98
25/04/1996;5.438;5.48;5.551;5.797;6.18;6.4;6.56;6.68;6.85;7.04
26/04/1996;5.434;5.488;5.559;5.813;6.12;6.33;6.49;6.61;6.78;6.98
29/04/1996;5.438;5.484;5.563;5.813;6.17;6.37;6.52;6.64;6.82;7.01
30/04/1996;5.438;5.484;5.563;5.813;6.24;6.44;6.6;6.72;6.9;7.09
01/05/1996;5.438;5.5;5.598;5.879;6.24;6.46;6.6;6.73;6.91;7.1
02/05/1996;5.438;5.5;5.602;5.875;6.35;6.56;6.72;6.84;7.02;7.23
03/05/1996;5.438;5.527;5.66;6;6.36;6.57;6.74;6.87;7.05;7.27
06/05/1996;5.438;5.527;5.66;6;6.35;6.58;6.74;6.87;7.07;7.26
07/05/1996;5.438;5.5;5.625;5.945;6.39;6.62;6.79;6.91;7.1;7.29
08/05/1996;5.438;5.5;5.629;5.98;6.39;6.62;6.82;6.94;7.1;7.31
09/05/1996;5.438;5.5;5.625;5.945;6.33;6.57;6.73;6.86;7.05;7.24
10/05/1996;5.438;5.5;5.625;5.945;6.23;6.46;6.63;6.74;6.96;7.14
13/05/1996;5.43;5.5;5.594;5.875;6.25;6.49;6.65;6.77;6.97;7.16
14/05/1996;5.43;5.5;5.582;5.875;6.195;6.42;6.58;6.7;6.89;7.08
15/05/1996;5.418;5.48;5.563;5.852;6.18;6.4;6.57;6.68;6.86;7.06
16/05/1996;5.426;5.488;5.57;5.867;6.26;6.48;6.64;6.75;6.93;7.12
17/05/1996;5.438;5.496;5.59;5.918;6.23;6.44;6.61;6.72;6.9;7.09
20/05/1996;5.438;5.5;5.582;5.879;6.21;6.42;6.57;6.68;6.86;7.04
21/05/1996;5.438;5.492;5.586;5.875;6.2;6.41;6.56;6.68;6.86;7.03
22/05/1996;5.438;5.492;5.582;5.883;6.26;6.47;6.62;6.75;6.91;7.1
23/05/1996;5.434;5.488;5.578;5.875;6.23;6.44;6.59;6.7;6.88;7.05
24/05/1996;5.43;5.492;5.578;5.879;6.23;6.445;6.6;6.71;6.89;7.07
27/05/1996;5.43;5.492;5.578;5.879;6.23;6.445;6.6;6.71;6.89;7.07
28/05/1996;5.434;5.492;5.586;5.875;6.24;6.44;6.6;6.72;6.89;7.07
29/05/1996;5.43;5.48;5.586;5.879;6.23;6.45;6.6;6.71;6.89;7.06
30/05/1996;5.438;5.5;5.625;5.988;6.41;6.63;6.78;6.89;7.07;7.24
31/05/1996;5.438;5.5;5.633;6;6.46;6.69;6.84;6.96;7.11;7.26
03/06/1996;5.465;5.531;5.711;6.098;6.455;6.665;6.81;6.91;7.09;7.25
04/06/1996;5.457;5.535;5.688;6.066;6.445;6.655;6.8;6.9;7.07;7.24
05/06/1996;5.457;5.535;5.688;6.063;6.465;6.675;6.81;6.92;7.08;7.25
06/06/1996;5.453;5.539;5.688;6.063;6.36;6.55;6.7;6.8;6.97;7.14
07/06/1996;5.438;5.5;5.68;6.016;6.6;6.8;6.96;7.06;7.21;7.36
10/06/1996;5.48;5.602;5.789;6.188;6.6;6.81;6.94;7.05;7.19;7.34
11/06/1996;5.484;5.605;5.801;6.203;6.59;6.8;6.94;7.07;7.23;7.37
12/06/1996;5.48;5.609;5.793;6.199;6.58;6.8;6.95;7.06;7.21;7.38
13/06/1996;5.496;5.613;5.813;6.246;6.6;6.82;6.99;7.1;7.27;7.44
14/06/1996;5.484;5.598;5.797;6.188;6.54;6.76;6.9;7.02;7.2;7.38
17/06/1996;5.465;5.582;5.777;6.164;6.54;6.76;6.9;7.02;7.17;7.33
18/06/1996;5.449;5.563;5.754;6.129;6.49;6.69;6.84;6.95;7.11;7.28
19/06/1996;5.438;5.563;5.75;6.148;6.56;6.77;6.92;7.03;7.2;7.35
20/06/1996;5.469;5.563;5.758;6.168;6.59;6.79;6.94;7.05;7.21;7.37
21/06/1996;5.465;5.578;5.773;6.188;6.55;6.76;6.89;7.01;7.16;7.33
24/06/1996;5.48;5.566;5.75;6.176;6.54;6.75;6.89;7;7.15;7.32
25/06/1996;5.48;5.563;5.75;6.18;6.53;6.73;6.87;6.97;7.12;7.29
26/06/1996;5.492;5.57;5.766;6.168;6.52;6.72;6.85;6.96;7.11;7.27
27/06/1996;5.5;5.598;5.813;6.172;6.52;6.73;6.86;6.96;7.12;7.29
28/06/1996;5.496;5.582;5.789;6.125;6.31;6.51;6.65;6.76;6.93;7.11
01/07/1996;5.484;5.563;5.75;6.035;6.35;6.54;6.68;6.78;6.94;7.12
02/07/1996;5.492;5.563;5.75;6.063;6.43;6.63;6.75;6.84;7;7.17
03/07/1996;5.5;5.598;5.797;6.117;6.44;6.625;6.76;6.85;7.01;7.19
04/07/1996;5.477;5.57;5.762;6.074;6.4;6.6;6.71;6.81;6.97;7.16
05/07/1996;5.477;5.574;5.766;6.094;6.64;6.83;6.96;7.07;7.22;7.4
08/07/1996;5.516;5.688;5.926;6.313;6.69;6.88;7.02;7.13;7.29;7.46
09/07/1996;5.504;5.688;5.93;6.305;6.65;6.85;6.98;7.09;7.26;7.43
10/07/1996;5.5;5.688;5.914;6.285;6.58;6.78;6.9;7.02;7.18;7.37
11/07/1996;5.496;5.688;5.895;6.25;6.58;6.78;6.9;7.02;7.18;7.37
12/07/1996;5.469;5.676;5.887;6.23;6.47;6.66;6.79;6.91;7.07;7.23
15/07/1996;5.477;5.676;5.887;6.215;6.565;6.75;6.88;6.99;7.14;7.29
16/07/1996;5.477;5.684;5.887;6.23;6.49;6.68;6.81;6.93;7.1;7.28
17/07/1996;5.469;5.66;5.855;6.168;6.465;6.65;6.78;6.9;7.07;7.24
18/07/1996;5.457;5.66;5.867;6.168;6.395;6.58;6.71;6.82;6.98;7.17
19/07/1996;5.438;5.625;5.824;6.125;6.405;6.575;6.71;6.81;6.98;7.15
22/07/1996;5.438;5.625;5.84;6.125;6.435;6.6;6.74;6.85;7.01;7.18
23/07/1996;5.438;5.625;5.848;6.156;6.495;6.67;6.8;6.92;7.07;7.24
24/07/1996;5.438;5.625;5.824;6.125;6.435;6.61;6.75;6.86;7.03;7.2
25/07/1996;5.438;5.625;5.848;6.156;6.445;6.64;6.77;6.88;7.05;7.22
26/07/1996;5.438;5.625;5.848;6.156;6.485;6.68;6.8;6.91;7.07;7.25
29/07/1996;5.453;5.641;5.852;6.188;6.535;6.71;6.84;6.95;7.135;7.29
30/07/1996;5.469;5.688;5.891;6.238;6.505;6.68;6.81;6.93;7.09;7.26
31/07/1996;5.465;5.676;5.883;6.219;6.445;6.63;6.75;6.85;7.02;7.2
01/08/1996;5.441;5.633;5.844;6.188;6.295;6.46;6.57;6.67;6.84;7.02
02/08/1996;5.441;5.586;5.758;6.043;6.115;6.29;6.42;6.53;6.7;6.87
05/08/1996;5.438;5.551;5.691;5.875;6.125;6.31;6.44;6.55;6.71;6.9
06/08/1996;5.434;5.539;5.688;5.902;6.145;6.32;6.45;6.56;6.73;6.91
07/08/1996;5.43;5.539;5.688;5.883;6.135;6.32;6.45;6.56;6.71;6.88
08/08/1996;5.426;5.539;5.688;5.883;6.175;6.36;6.5;6.6;6.76;6.94
09/08/1996;5.426;5.535;5.688;5.875;6.135;6.31;6.45;6.54;6.71;6.88
12/08/1996;5.414;5.5;5.668;5.863;6.1;6.28;6.43;6.53;6.7;6.86
13/08/1996;5.422;5.5;5.664;5.852;6.13;6.32;6.46;6.57;6.73;6.9
14/08/1996;5.418;5.5;5.688;5.895;6.175;6.36;6.51;6.62;6.78;6.95
15/08/1996;5.43;5.5;5.688;5.883;6.195;6.39;6.55;6.66;6.81;6.98
16/08/1996;5.438;5.5;5.688;5.906;6.175;6.36;6.5;6.61;6.77;6.94
19/08/1996;5.43;5.5;5.688;5.875;6.175;6.37;6.52;6.63;6.79;6.96
20/08/1996;5.43;5.5;5.688;5.891;6.175;6.36;6.51;6.63;6.78;6.95
21/08/1996;5.414;5.5;5.68;5.887;6.185;6.38;6.53;6.65;6.81;6.98
22/08/1996;5.406;5.492;5.68;5.898;6.205;6.4;6.56;6.68;6.85;7.01
23/08/1996;5.398;5.484;5.664;5.895;6.275;6.48;6.63;6.74;6.91;7.07
26/08/1996;5.398;5.484;5.664;5.895;6.32;6.535;6.7;6.82;6.98;7.135
27/08/1996;5.41;5.531;5.719;6.031;6.365;6.56;6.72;6.84;7;7.15
28/08/1996;5.406;5.531;5.727;6.012;6.355;6.55;6.7;6.82;6.98;7.14
29/08/1996;5.422;5.551;5.75;6.051;6.435;6.64;6.79;6.91;7.07;7.23
30/08/1996;5.438;5.563;5.773;6.098;6.525;6.73;6.89;7.01;7.16;7.35
02/09/1996;5.438;5.582;5.844;6.191;6.555;6.77;6.92;7.03;7.18;7.33
03/09/1996;5.48;5.656;5.902;6.254;6.595;6.79;6.94;7.05;7.19;7.33
04/09/1996;5.473;5.637;5.875;6.246;6.585;6.77;6.91;7.02;7.17;7.3
05/09/1996;5.473;5.656;5.914;6.262;6.585;6.78;6.91;7.02;7.17;7.32
06/09/1996;5.492;5.656;5.934;6.281;6.585;6.78;6.91;7.02;7.17;7.32
09/09/1996;5.48;5.625;5.875;6.223;6.535;6.73;6.87;6.99;7.14;7.3
10/09/1996;5.484;5.625;5.875;6.188;6.555;6.74;6.89;7;7.15;7.31
11/09/1996;5.504;5.625;5.879;6.219;6.575;6.765;6.91;7.02;7.18;7.34
12/09/1996;5.504;5.625;5.875;6.219;6.455;6.65;6.78;6.89;7.06;7.23
13/09/1996;5.492;5.625;5.859;6.176;6.305;6.5;6.65;6.77;6.95;7.12
16/09/1996;5.438;5.563;5.75;6.02;6.315;6.51;6.66;6.77;6.94;7.11
17/09/1996;5.445;5.563;5.75;6.031;6.405;6.605;6.73;6.84;7;7.15
18/09/1996;5.48;5.625;5.816;6.125;6.425;6.615;6.75;6.86;7.02;7.18
19/09/1996;5.488;5.625;5.82;6.125;6.475;6.665;6.81;6.92;7.08;7.23
20/09/1996;5.5;5.629;5.844;6.156;6.445;6.635;6.77;6.88;7.04;7.2
23/09/1996;5.5;5.637;5.852;6.152;6.455;6.645;6.78;6.88;7.05;7.21
24/09/1996;5.531;5.656;5.844;6.129;6.425;6.625;6.75;6.86;7.03;7.17
25/09/1996;5.445;5.563;5.75;6.043;6.285;6.475;6.62;6.73;6.9;7.08
26/09/1996;5.438;5.551;5.75;6;6.235;6.415;6.56;6.67;6.84;7.01
27/09/1996;5.438;5.625;5.73;5.984;6.245;6.425;6.57;6.67;6.84;7
30/09/1996;5.434;5.625;5.734;5.988;6.305;6.495;6.63;6.73;6.9;7.07
01/10/1996;5.434;5.625;5.734;5.988;6.245;6.435;6.57;6.67;6.84;7.02
02/10/1996;5.434;5.625;5.688;5.945;6.185;6.37;6.52;6.62;6.79;6.97
03/10/1996;5.422;5.605;5.66;5.918;6.195;6.375;6.525;6.625;6.795;6.975
04/10/1996;5.414;5.598;5.66;5.914;6.025;6.205;6.365;6.465;6.645;6.835
07/10/1996;5.387;5.531;5.594;5.813;6.065;6.245;6.395;6.515;6.695;6.875
08/10/1996;5.375;5.531;5.594;5.813;6.075;6.265;6.405;6.525;6.705;6.885
09/10/1996;5.383;5.531;5.594;5.813;6.075;6.265;6.415;6.535;6.705;6.895
10/10/1996;5.383;5.531;5.598;5.848;6.155;6.345;6.495;6.605;6.775;6.955
11/10/1996;5.387;5.563;5.625;5.898;6.095;6.295;6.445;6.565;6.745;6.925
14/10/1996;5.375;5.531;5.594;5.848;6.095;6.285;6.445;6.565;6.745;6.925
15/10/1996;5.375;5.535;5.594;5.844;6.085;6.275;6.425;6.545;6.715;6.905
16/10/1996;5.375;5.535;5.594;5.855;6.125;6.315;6.465;6.585;6.765;6.955
17/10/1996;5.379;5.535;5.594;5.855;6.055;6.245;6.395;6.515;6.705;6.885
18/10/1996;5.375;5.527;5.594;5.813;6.045;6.225;6.375;6.495;6.665;6.845
21/10/1996;5.375;5.531;5.594;5.813;6.065;6.245;6.385;6.505;6.675;6.845
22/10/1996;5.375;5.531;5.594;5.816;6.085;6.275;6.415;6.535;6.695;6.875
23/10/1996;5.375;5.531;5.594;5.844;6.115;6.305;6.455;6.565;6.735;6.925
24/10/1996;5.375;5.531;5.594;5.816;6.115;6.295;6.445;6.555;6.725;6.915
25/10/1996;5.375;5.531;5.594;5.844;6.055;6.235;6.385;6.495;6.665;6.865
28/10/1996;5.375;5.531;5.594;5.813;6.075;6.265;6.405;6.525;6.685;6.885
29/10/1996;5.375;5.531;5.625;5.84;5.965;6.145;6.285;6.385;6.555;6.755
30/10/1996;5.375;5.531;5.625;5.84;5.955;6.125;6.265;6.375;6.535;6.735
31/10/1996;5.375;5.5;5.566;5.75;5.945;6.125;6.255;6.365;6.525;6.725
01/11/1996;5.375;5.5;5.563;5.719;5.925;6.095;6.225;6.325;6.485;6.685
04/11/1996;5.375;5.5;5.563;5.719;5.945;6.105;6.235;6.345;6.495;6.695
05/11/1996;5.375;5.5;5.563;5.719;5.895;6.055;6.185;6.285;6.435;6.615
06/11/1996;5.375;5.5;5.547;5.688;5.895;6.055;6.175;6.275;6.415;6.595
07/11/1996;5.375;5.5;5.563;5.719;5.955;6.125;6.255;6.355;6.495;6.685
08/11/1996;5.375;5.5;5.547;5.688;5.925;6.075;6.205;6.295;6.435;6.605
11/11/1996;5.375;5.5;5.547;5.688;5.905;6.075;6.195;6.295;6.435;6.595
12/11/1996;5.375;5.5;5.559;5.711;5.895;6.045;6.165;6.265;6.395;6.555
13/11/1996;5.375;5.5;5.543;5.695;5.905;6.045;6.165;6.255;6.385;6.555
14/11/1996;5.375;5.5;5.551;5.707;5.845;5.985;6.115;6.205;6.335;6.515
15/11/1996;5.375;5.5;5.539;5.688;5.835;5.975;6.095;6.185;6.325;6.495
18/11/1996;5.375;5.5;5.543;5.688;5.845;6.005;6.115;6.215;6.365;6.535
19/11/1996;5.375;5.5;5.547;5.688;5.825;5.975;6.095;6.185;6.315;6.485
20/11/1996;5.375;5.5;5.539;5.68;5.855;5.995;6.115;6.205;6.345;6.505
21/11/1996;5.375;5.5;5.535;5.68;5.835;5.965;6.075;6.165;6.285;6.445
22/11/1996;5.375;5.5;5.543;5.688;5.855;5.985;6.095;6.185;6.305;6.465
25/11/1996;5.375;5.5;5.547;5.688;5.845;5.975;6.085;6.175;6.305;6.455
26/11/1996;5.375;5.5;5.543;5.688;5.815;5.945;6.045;6.135;6.265;6.425
27/11/1996;5.375;5.5;5.547;5.688;5.845;5.965;6.075;6.165;6.305;6.465
28/11/1996;5.563;5.5;5.547;5.688;5.835;5.965;6.075;6.165;6.295;6.455
29/11/1996;5.563;5.5;5.543;5.688;5.785;5.905;6.005;6.095;6.225;6.385
02/12/1996;5.563;5.5;5.543;5.688;5.795;5.925;6.025;6.105;6.225;6.395
03/12/1996;5.563;5.5;5.539;5.684;5.765;5.885;5.985;6.065;6.195;6.355
04/12/1996;5.563;5.5;5.539;5.684;5.795;5.915;6.015;6.105;6.245;6.405
05/12/1996;5.563;5.5;5.539;5.688;5.885;6.015;6.115;6.205;6.355;6.525
06/12/1996;5.605;5.547;5.617;5.801;5.905;6.055;6.175;6.265;6.425;6.585
09/12/1996;5.594;5.535;5.59;5.723;5.875;6.005;6.125;6.225;6.375;6.535
10/12/1996;5.598;5.531;5.574;5.719;5.895;6.035;6.145;6.245;6.385;6.545
11/12/1996;5.598;5.531;5.594;5.75;5.965;6.125;6.245;6.345;6.515;6.665
12/12/1996;5.605;5.535;5.605;5.758;5.995;6.155;6.285;6.395;6.555;6.725
13/12/1996;5.617;5.551;5.605;5.762;5.945;6.105;6.225;6.335;6.505;6.685
16/12/1996;5.617;5.543;5.598;5.758;5.965;6.115;6.235;6.345;6.515;6.695
17/12/1996;5.625;5.563;5.613;5.789;6.045;6.205;6.335;6.445;6.605;6.785
18/12/1996;5.645;5.582;5.625;5.813;6.035;6.195;6.325;6.425;6.585;6.755
19/12/1996;5.656;5.594;5.629;5.844;6.035;6.205;6.325;6.425;6.585;6.765
20/12/1996;5.66;5.594;5.625;5.789;6.005;6.155;6.275;6.375;6.525;6.685
23/12/1996;5.668;5.594;5.625;5.813;6.005;6.165;6.285;6.375;6.515;6.675
24/12/1996;5.664;5.594;5.625;5.813;6.005;6.175;6.285;6.395;6.525;6.695
25/12/1996;5.664;5.594;5.625;5.813;6.005;6.175;6.285;6.395;6.525;6.695
26/12/1996;5.664;5.594;5.625;5.813;6.005;6.175;6.285;6.395;6.525;6.695
27/12/1996;5.688;5.617;5.625;5.813;6.005;6.165;6.285;6.375;6.525;6.685
30/12/1996;5.504;5.563;5.598;5.785;5.96;6.135;6.255;6.35;6.5;6.655
31/12/1996;5.5;5.563;5.602;5.789;6.075;6.245;6.365;6.465;6.615;6.775
01/01/1997;5.5;5.563;5.602;5.789;6.075;6.245;6.365;6.465;6.615;6.775
02/01/1997;5.5;5.563;5.656;5.875;6.155;6.335;6.465;6.575;6.735;6.895
03/01/1997;5.5;5.563;5.656;5.875;6.125;6.295;6.415;6.525;6.665;6.845
06/01/1997;5.492;5.563;5.66;5.875;6.165;6.325;6.455;6.565;6.735;6.905
07/01/1997;5.492;5.563;5.66;5.891;6.165;6.335;6.475;6.585;6.745;6.915
08/01/1997;5.488;5.563;5.66;5.895;6.145;6.305;6.435;6.535;6.715;6.885
09/01/1997;5.484;5.563;5.66;5.914;6.145;6.315;6.445;6.545;6.705;6.875
10/01/1997;5.48;5.563;5.66;5.875;6.285;6.455;6.595;6.705;6.855;7.015
13/01/1997;5.484;5.594;5.703;5.969;6.255;6.435;6.555;6.655;6.815;6.975
14/01/1997;5.477;5.594;5.711;5.977;6.215;6.375;6.495;6.585;6.735;6.895
15/01/1997;5.449;5.563;5.688;5.938;6.215;6.375;6.505;6.605;6.755;6.915
16/01/1997;5.449;5.563;5.688;5.938;6.195;6.355;6.485;6.585;6.735;6.895
17/01/1997;5.445;5.563;5.688;5.945;6.205;6.365;6.485;6.585;6.745;6.905
20/01/1997;5.613;5.625;5.625;5.668;6.185;6.355;6.475;6.575;6.735;6.895
21/01/1997;5.438;5.563;5.688;5.938;6.205;6.365;6.485;6.585;6.735;6.895
22/01/1997;5.438;5.563;5.684;5.91;6.185;6.345;6.465;6.565;6.715;6.865
23/01/1997;5.438;5.563;5.688;5.938;6.205;6.365;6.485;6.585;6.735;6.895
24/01/1997;5.438;5.563;5.688;5.953;6.255;6.43;6.555;6.665;6.815;6.975
27/01/1997;5.438;5.563;5.688;5.969;6.265;6.435;6.565;6.675;6.825;6.985
28/01/1997;5.438;5.625;5.707;6;6.185;6.365;6.485;6.585;6.735;6.905
29/01/1997;5.438;5.563;5.688;5.969;6.215;6.395;6.525;6.635;6.795;6.975
30/01/1997;5.438;5.563;5.688;5.938;6.205;6.385;6.515;6.625;6.785;6.955
31/01/1997;5.438;5.563;5.688;5.938;6.135;6.305;6.415;6.525;6.685;6.865
03/02/1997;5.438;5.563;5.672;5.879;6.065;6.225;6.345;6.455;6.605;6.785
04/02/1997;5.438;5.563;5.637;5.863;6.085;6.255;6.375;6.485;6.645;6.815
05/02/1997;5.438;5.563;5.629;5.852;6.105;6.255;6.375;6.475;6.625;6.795
06/02/1997;5.438;5.547;5.625;5.848;6.085;6.245;6.365;6.465;6.625;6.795
07/02/1997;5.438;5.543;5.633;5.852;6.025;6.185;6.305;6.395;6.555;6.725
10/02/1997;5.414;5.512;5.613;5.813;6.035;6.205;6.325;6.415;6.585;6.745
11/02/1997;5.414;5.512;5.613;5.813;6.045;6.205;6.325;6.415;6.565;6.735
12/02/1997;5.414;5.512;5.613;5.813;6.045;6.205;6.335;6.425;6.565;6.735
13/02/1997;5.422;5.504;5.602;5.813;6.035;6.195;6.315;6.405;6.555;6.725
14/02/1997;5.426;5.496;5.57;5.781;5.975;6.125;6.225;6.325;6.465;6.635
17/02/1997;5.426;5.473;5.57;5.75;5.965;6.115;6.225;6.315;6.455;6.625
18/02/1997;5.375;5.477;5.547;5.75;5.965;6.115;6.225;6.325;6.465;6.635
19/02/1997;5.375;5.469;5.547;5.75;5.995;6.135;6.255;6.345;6.485;6.645
20/02/1997;5.375;5.473;5.563;5.781;6.015;6.165;6.275;6.375;6.515;6.675
21/02/1997;5.375;5.473;5.563;5.781;6.035;6.195;6.305;6.405;6.555;6.715
24/02/1997;5.375;5.477;5.563;5.797;6.055;6.225;6.335;6.435;6.585;6.755
25/02/1997;5.375;5.484;5.563;5.793;6.055;6.215;6.325;6.425;6.575;6.735
26/02/1997;5.375;5.5;5.563;5.793;6.195;6.345;6.455;6.565;6.705;6.855
27/02/1997;5.438;5.539;5.656;5.938;6.245;6.415;6.515;6.615;6.755;6.905
28/02/1997;5.438;5.539;5.688;5.969;6.275;6.435;6.555;6.645;6.785;6.925
03/03/1997;5.438;5.547;5.707;6;6.305;6.455;6.575;6.675;6.805;6.955
04/03/1997;5.438;5.555;5.715;6;6.285;6.445;6.555;6.645;6.775;6.925
05/03/1997;5.438;5.563;5.719;6.031;6.315;6.485;6.595;6.695;6.835;6.985
06/03/1997;5.438;5.563;5.719;6;6.305;6.465;6.585;6.675;6.815;6.965
07/03/1997;5.438;5.563;5.75;6.063;6.315;6.475;6.595;6.685;6.835;6.975
10/03/1997;5.438;5.563;5.719;6;6.285;6.445;6.565;6.655;6.795;6.945
11/03/1997;5.438;5.563;5.719;6;6.315;6.475;6.585;6.685;6.815;6.975
12/03/1997;5.438;5.563;5.73;6.031;6.315;6.475;6.595;6.685;6.825;6.985
13/03/1997;5.438;5.563;5.734;6.031;6.375;6.565;6.685;6.775;6.915;7.065
14/03/1997;5.469;5.598;5.758;6.109;6.38;6.555;6.675;6.775;6.915;7.065
17/03/1997;5.473;5.598;5.754;6.094;6.4;6.585;6.695;6.805;6.945;7.095
18/03/1997;5.5;5.625;5.781;6.125;6.425;6.605;6.725;6.815;6.965;7.105
19/03/1997;5.5;5.625;5.789;6.125;6.445;6.625;6.735;6.835;6.985;7.125
20/03/1997;5.5;5.625;5.789;6.125;6.495;6.675;6.775;6.875;7.015;7.155
21/03/1997;5.625;5.719;5.875;6.219;6.515;6.685;6.795;6.875;7.005;7.135
24/03/1997;5.656;5.738;5.875;6.219;6.505;6.665;6.765;6.855;6.985;7.115
25/03/1997;5.668;5.75;5.875;6.219;6.475;6.625;6.725;6.805;6.935;7.055
26/03/1997;5.688;5.762;5.93;6.262;6.585;6.745;6.845;6.945;7.065;7.185
27/03/1997;5.688;5.773;5.938;6.273;6.655;6.825;6.925;7.015;7.135;7.265
28/03/1997;5.688;5.773;5.938;6.273;6.655;6.825;6.925;7.015;7.135;7.265
31/03/1997;5.688;5.773;5.938;6.273;6.655;6.825;6.925;7.015;7.135;7.265
01/04/1997;5.688;5.813;5.969;6.344;6.665;6.835;6.935;7.025;7.155;7.285
02/04/1997;5.688;5.813;5.969;6.344;6.685;6.845;6.945;7.015;7.165;7.285
03/04/1997;5.688;5.813;5.973;6.344;6.665;6.835;6.925;7.005;7.135;7.265
04/04/1997;5.688;5.813;5.973;6.344;6.685;6.855;6.955;7.045;7.165;7.295
07/04/1997;5.688;5.816;5.988;6.375;6.675;6.835;6.935;7.015;7.145;7.265
08/04/1997;5.688;5.816;5.98;6.359;6.695;6.855;6.955;7.035;7.155;7.275
09/04/1997;5.688;5.813;6;6.375;6.685;6.855;6.945;7.025;7.155;7.275
10/04/1997;5.688;5.816;6;6.375;6.705;6.875;6.975;7.055;7.185;7.295
11/04/1997;5.688;5.816;6;6.375;6.795;6.975;7.065;7.155;7.275;7.385
14/04/1997;5.688;5.844;6.031;6.438;6.795;6.965;7.065;7.145;7.265;7.375
15/04/1997;5.688;5.852;6.035;6.441;6.735;6.905;6.985;7.065;7.175;7.275
16/04/1997;5.688;5.844;6.031;6.406;6.775;6.935;7.035;7.095;7.205;7.315
17/04/1997;5.688;5.844;6.031;6.406;6.665;6.825;6.925;6.995;7.105;7.215
18/04/1997;5.688;5.836;6;6.375;6.665;6.835;6.925;7.005;7.115;7.235
21/04/1997;5.688;5.832;6;6.359;6.665;6.825;6.915;7.005;7.125;7.235
22/04/1997;5.688;5.836;6.004;6.375;6.695;6.855;6.945;7.015;7.135;7.235
23/04/1997;5.688;5.828;6;6.375;6.695;6.855;6.945;7.025;7.135;7.235
24/04/1997;5.688;5.84;6;6.375;6.745;6.905;6.995;7.065;7.175;7.275
25/04/1997;5.688;5.852;6.055;6.438;6.775;6.945;7.035;7.115;7.205;7.315
28/04/1997;5.688;5.852;6.063;6.441;6.775;6.945;7.035;7.115;7.215;7.315
29/04/1997;5.688;5.859;6.063;6.438;6.615;6.775;6.865;6.945;7.065;7.175
30/04/1997;5.688;5.816;6;6.313;6.525;6.675;6.775;6.845;6.965;7.095
01/05/1997;5.688;5.813;6;6.313;6.515;6.665;6.755;6.825;6.945;7.075
02/05/1997;5.688;5.82;6;6.301;6.515;6.665;6.745;6.825;6.945;7.075
05/05/1997;5.688;5.82;6;6.301;6.515;6.665;6.745;6.825;6.935;7.045
06/05/1997;5.688;5.816;6;6.285;6.535;6.675;6.775;6.845;6.955;7.065
07/05/1997;5.688;5.816;6;6.289;6.555;6.705;6.795;6.855;6.965;7.085
08/05/1997;5.688;5.844;6.031;6.316;6.575;6.715;6.815;6.875;7.005;7.115
09/05/1997;5.688;5.813;6;6.258;6.505;6.645;6.745;6.815;6.935;7.065
12/05/1997;5.688;5.813;6;6.25;6.455;6.595;6.695;6.765;6.885;7.025
13/05/1997;5.688;5.813;5.98;6.227;6.475;6.615;6.705;6.775;6.905;7.045
14/05/1997;5.688;5.813;6;6.25;6.465;6.595;6.695;6.765;6.885;7.015
15/05/1997;5.688;5.813;6;6.25;6.485;6.625;6.715;6.795;6.915;7.045
16/05/1997;5.688;5.816;6;6.25;6.505;6.645;6.735;6.815;6.935;7.065
19/05/1997;5.711;5.84;6;6.258;6.505;6.645;6.735;6.815;6.935;7.065
20/05/1997;5.75;5.875;6.031;6.285;6.555;6.695;6.795;6.865;6.995;7.115
21/05/1997;5.688;5.813;5.969;6.219;6.475;6.635;6.735;6.815;6.955;7.095
22/05/1997;5.688;5.813;5.969;6.219;6.505;6.665;6.765;6.855;6.995;7.135
23/05/1997;5.688;5.805;5.969;6.223;6.495;6.645;6.755;6.845;6.985;7.125
26/05/1997;5.688;5.805;5.969;6.223;6.495;6.645;6.755;6.845;6.985;7.125
27/05/1997;5.688;5.813;5.969;6.219;6.545;6.705;6.805;6.895;7.025;7.165
28/05/1997;5.688;5.813;5.996;6.254;6.545;6.695;6.795;6.885;7.015;7.155
29/05/1997;5.691;5.813;6;6.277;6.555;6.715;6.815;6.905;7.025;7.155
30/05/1997;5.688;5.813;6;6.258;6.475;6.625;6.715;6.795;6.915;7.055
02/06/1997;5.688;5.813;5.945;6.219;6.485;6.625;6.715;6.795;6.915;7.035
03/06/1997;5.688;5.813;5.965;6.219;6.455;6.595;6.685;6.765;6.875;6.995
04/06/1997;5.688;5.813;5.961;6.219;6.435;6.575;6.665;6.735;6.845;6.975
05/06/1997;5.688;5.813;5.965;6.219;6.445;6.595;6.675;6.755;6.865;6.995
06/06/1997;5.688;5.813;5.965;6.219;6.425;6.565;6.645;6.715;6.825;6.935
09/06/1997;5.688;5.809;5.938;6.188;6.405;6.525;6.605;6.675;6.775;6.885
10/06/1997;5.688;5.813;5.938;6.188;6.395;6.535;6.615;6.675;6.795;6.905
11/06/1997;5.688;5.813;5.938;6.188;6.425;6.545;6.635;6.705;6.815;6.915
12/06/1997;5.688;5.813;5.938;6.188;6.335;6.475;6.555;6.635;6.745;6.865
13/06/1997;5.688;5.781;5.879;6.125;6.265;6.385;6.475;6.545;6.655;6.785
16/06/1997;5.688;5.781;5.875;6.094;6.265;6.395;6.475;6.545;6.665;6.775
17/06/1997;5.688;5.781;5.875;6.094;6.295;6.425;6.505;6.575;6.685;6.815
18/06/1997;5.688;5.781;5.875;6.094;6.285;6.415;6.505;6.575;6.685;6.805
19/06/1997;5.688;5.781;5.875;6.094;6.305;6.425;6.505;6.575;6.675;6.805
20/06/1997;5.688;5.781;5.875;6.094;6.275;6.395;6.475;6.545;6.655;6.765
23/06/1997;5.688;5.781;5.875;6.094;6.285;6.405;6.485;6.555;6.665;6.785
24/06/1997;5.688;5.781;5.875;6.094;6.305;6.425;6.515;6.585;6.685;6.815
25/06/1997;5.688;5.781;5.879;6.102;6.305;6.435;6.525;6.595;6.705;6.825
26/06/1997;5.688;5.781;5.879;6.094;6.325;6.455;6.545;6.625;6.745;6.875
27/06/1997;5.688;5.781;5.906;6.125;6.315;6.445;6.545;6.625;6.735;6.865
30/06/1997;5.688;5.781;5.906;6.125;6.385;6.525;6.615;6.705;6.815;6.945
01/07/1997;5.688;5.809;5.938;6.156;6.325;6.455;6.535;6.615;6.725;6.855
02/07/1997;5.688;5.781;5.906;6.125;6.315;6.435;6.515;6.595;6.705;6.815
03/07/1997;5.688;5.781;5.906;6.125;6.195;6.305;6.385;6.455;6.565;6.685
04/07/1997;5.68;5.75;5.848;6.031;6.195;6.305;6.385;6.455;6.565;6.685
07/07/1997;5.688;5.75;5.844;6.031;6.175;6.285;6.355;6.425;6.535;6.655
08/07/1997;5.688;5.75;5.844;6.031;6.175;6.285;6.365;6.435;6.535;6.655
09/07/1997;5.688;5.75;5.844;6.031;6.175;6.285;6.365;6.435;6.545;6.655
10/07/1997;5.688;5.75;5.844;6.031;6.175;6.285;6.365;6.435;6.545;6.655
11/07/1997;5.68;5.75;5.844;6.023;6.175;6.285;6.365;6.435;6.545;6.655
14/07/1997;5.668;5.75;5.844;6.008;6.185;6.295;6.365;6.425;6.525;6.635
15/07/1997;5.676;5.75;5.848;6.031;6.225;6.335;6.405;6.465;6.555;6.675
16/07/1997;5.676;5.75;5.844;6.031;6.175;6.275;6.345;6.405;6.505;6.615
17/07/1997;5.664;5.746;5.836;6;6.175;6.265;6.335;6.385;6.495;6.595
18/07/1997;5.672;5.75;5.844;6.031;6.195;6.285;6.355;6.405;6.505;6.625
21/07/1997;5.672;5.75;5.844;6.031;6.225;6.335;6.395;6.465;6.555;6.665
22/07/1997;5.672;5.75;5.844;6.031;6.205;6.315;6.385;6.445;6.535;6.635
23/07/1997;5.648;5.719;5.813;5.969;6.105;6.205;6.275;6.335;6.435;6.525
24/07/1997;5.648;5.719;5.813;5.969;6.125;6.225;6.295;6.365;6.465;6.565
25/07/1997;5.648;5.719;5.813;5.969;6.125;6.235;6.295;6.355;6.455;6.565
28/07/1997;5.645;5.719;5.813;5.969;6.115;6.225;6.305;6.355;6.465;6.575
29/07/1997;5.625;5.719;5.813;5.969;6.085;6.185;6.255;6.325;6.425;6.535
30/07/1997;5.625;5.719;5.813;5.969;6.055;6.145;6.215;6.285;6.375;6.475
31/07/1997;5.625;5.707;5.801;5.938;6.045;6.135;6.205;6.265;6.335;6.445
01/08/1997;5.625;5.688;5.781;5.906;6.165;6.265;6.325;6.385;6.475;6.575
04/08/1997;5.629;5.719;5.813;6;6.205;6.315;6.385;6.445;6.525;6.635
05/08/1997;5.629;5.719;5.813;6.008;6.215;6.325;6.395;6.445;6.535;6.645
06/08/1997;5.633;5.719;5.844;6.031;6.205;6.305;6.375;6.425;6.515;6.625
07/08/1997;5.637;5.719;5.834;6.025;6.195;6.295;6.365;6.415;6.505;6.615
08/08/1997;5.633;5.719;5.844;6.063;6.305;6.425;6.495;6.545;6.655;6.765
11/08/1997;5.633;5.75;5.875;6.125;6.325;6.445;6.515;6.575;6.685;6.815
12/08/1997;5.645;5.75;5.875;6.125;6.285;6.385;6.465;6.535;6.635;6.765
13/08/1997;5.652;5.75;5.875;6.125;6.265;6.375;6.465;6.535;6.645;6.795
14/08/1997;5.645;5.742;5.852;6.063;6.215;6.315;6.395;6.465;6.565;6.715
15/08/1997;5.645;5.738;5.844;6.031;6.215;6.325;6.405;6.475;6.585;6.725
18/08/1997;5.633;5.719;5.813;5.969;6.115;6.235;6.325;6.395;6.505;6.655
19/08/1997;5.625;5.719;5.813;5.969;6.145;6.255;6.335;6.405;6.515;6.655
20/08/1997;5.629;5.719;5.813;5.969;6.175;6.285;6.365;6.435;6.545;6.685
21/08/1997;5.629;5.719;5.813;5.969;6.205;6.315;6.405;6.465;6.575;6.715
22/08/1997;5.625;5.719;5.844;6.031;6.245;6.365;6.455;6.535;6.645;6.805
25/08/1997;5.625;5.719;5.844;6.031;6.245;6.365;6.455;6.535;6.645;6.805
26/08/1997;5.625;5.723;5.844;6.07;6.265;6.385;6.465;6.545;6.655;6.795
27/08/1997;5.633;5.727;5.844;6.063;6.265;6.385;6.475;6.535;6.655;6.775
28/08/1997;5.656;5.734;5.844;6.063;6.225;6.335;6.435;6.495;6.615;6.755
29/08/1997;5.656;5.719;5.844;6.031;6.245;6.355;6.435;6.505;6.625;6.755
01/09/1997;5.656;5.723;5.844;6.063;6.265;6.375;6.475;6.545;6.665;6.795
02/09/1997;5.656;5.719;5.844;6.063;6.235;6.345;6.425;6.495;6.605;6.735
03/09/1997;5.656;5.719;5.844;6.031;6.225;6.335;6.425;6.495;6.605;6.735
04/09/1997;5.656;5.719;5.844;6.063;6.265;6.375;6.455;6.525;6.645;6.775
05/09/1997;5.656;5.719;5.844;6.063;6.245;6.355;6.435;6.515;6.635;6.765
08/09/1997;5.656;5.719;5.844;6.063;6.255;6.375;6.455;6.525;6.645;6.775
09/09/1997;5.656;5.719;5.844;6.063;6.265;6.385;6.465;6.525;6.635;6.765
10/09/1997;5.656;5.719;5.844;6.063;6.295;6.405;6.485;6.555;6.675;6.795
11/09/1997;5.656;5.719;5.863;6.09;6.315;6.425;6.505;6.575;6.685;6.815
12/09/1997;5.656;5.719;5.871;6.094;6.245;6.355;6.435;6.495;6.605;6.745
15/09/1997;5.656;5.719;5.844;6.043;6.225;6.325;6.405;6.465;6.585;6.705
16/09/1997;5.656;5.719;5.844;6.039;6.145;6.235;6.305;6.365;6.465;6.595
17/09/1997;5.656;5.719;5.813;5.98;6.115;6.195;6.265;6.315;6.405;6.525
18/09/1997;5.656;5.719;5.813;5.969;6.105;6.195;6.255;6.305;6.395;6.515
19/09/1997;5.656;5.719;5.813;5.969;6.135;6.235;6.295;6.345;6.445;6.555
22/09/1997;5.656;5.719;5.813;5.969;6.105;6.195;6.255;6.305;6.395;6.505
23/09/1997;5.656;5.719;5.813;5.969;6.115;6.205;6.275;6.325;6.415;6.515
24/09/1997;5.656;5.719;5.813;5.969;6.105;6.195;6.255;6.315;6.385;6.495
25/09/1997;5.656;5.719;5.813;5.969;6.145;6.235;6.305;6.355;6.435;6.535
26/09/1997;5.656;5.719;5.844;6;6.145;6.235;6.295;6.355;6.435;6.545
29/09/1997;5.656;5.777;5.844;6;6.155;6.245;6.305;6.365;6.455;6.555
30/09/1997;5.656;5.77;5.844;6;6.165;6.245;6.305;6.365;6.465;6.565
01/10/1997;5.656;5.773;5.844;6;6.105;6.185;6.245;6.295;6.385;6.485
02/10/1997;5.652;5.758;5.816;5.969;6.095;6.175;6.235;6.285;6.385;6.485
03/10/1997;5.648;5.75;5.813;5.969;5.995;6.075;6.135;6.185;6.265;6.365
06/10/1997;5.625;5.719;5.781;5.906;6.005;6.085;6.145;6.205;6.305;6.415
07/10/1997;5.625;5.719;5.781;5.906;5.985;6.065;6.135;6.195;6.295;6.405
08/10/1997;5.625;5.719;5.781;5.906;6.085;6.165;6.235;6.305;6.415;6.525
09/10/1997;5.625;5.75;5.813;5.973;6.105;6.195;6.265;6.335;6.435;6.555
10/10/1997;5.625;5.75;5.824;5.984;6.155;6.235;6.305;6.355;6.475;6.585
13/10/1997;5.625;5.758;5.848;6.031;6.175;6.255;6.325;6.375;6.495;6.605
14/10/1997;5.625;5.754;5.848;6.031;6.145;6.235;6.285;6.335;6.435;6.555
15/10/1997;5.625;5.754;5.844;6.031;6.175;6.255;6.325;6.385;6.475;6.595
16/10/1997;5.625;5.773;5.875;6.063;6.155;6.235;6.295;6.345;6.435;6.545
17/10/1997;5.625;5.781;5.875;6.063;6.215;6.295;6.355;6.405;6.505;6.605
20/10/1997;5.648;5.809;5.906;6.094;6.255;6.345;6.405;6.455;6.535;6.635
21/10/1997;5.652;5.813;5.906;6.094;6.255;6.335;6.395;6.445;6.535;6.625
22/10/1997;5.656;5.813;5.906;6.094;6.255;6.335;6.395;6.445;6.535;6.625
23/10/1997;5.656;5.813;5.875;6.063;6.165;6.245;6.305;6.345;6.435;6.535
24/10/1997;5.656;5.813;5.879;6.063;6.135;6.225;6.275;6.325;6.405;6.495
27/10/1997;5.656;5.781;5.844;5.992;6.095;6.185;6.235;6.285;6.355;6.475
28/10/1997;5.625;5.75;5.781;5.867;6.065;6.135;6.205;6.255;6.345;6.455
29/10/1997;5.656;5.781;5.84;5.969;6.045;6.135;6.185;6.235;6.325;6.435
30/10/1997;5.641;5.75;5.781;5.906;6.035;6.105;6.165;6.205;6.285;6.405
31/10/1997;5.648;5.75;5.785;5.918;6.015;6.095;6.145;6.195;6.265;6.385
03/11/1997;5.656;5.75;5.813;5.938;6.055;6.135;6.195;6.245;6.325;6.425
04/11/1997;5.656;5.75;5.813;5.938;6.075;6.165;6.225;6.265;6.345;6.455
05/11/1997;5.656;5.773;5.844;5.969;6.075;6.165;6.225;6.265;6.345;6.445
06/11/1997;5.656;5.777;5.828;5.969;6.085;6.155;6.215;6.255;6.345;6.435
07/11/1997;5.656;5.762;5.813;5.938;6.085;6.165;6.215;6.255;6.335;6.425
10/11/1997;5.656;5.781;5.844;6;6.105;6.185;6.225;6.275;6.345;6.425
11/11/1997;5.688;5.813;5.875;6.031;6.135;6.205;6.255;6.285;6.335;6.425
12/11/1997;5.695;5.875;5.938;6.063;6.145;6.215;6.255;6.295;6.365;6.435
13/11/1997;5.688;5.875;5.91;6.031;6.075;6.145;6.185;6.225;6.295;6.365
14/11/1997;5.688;5.875;5.906;6;6.055;6.115;6.165;6.195;6.255;6.335
17/11/1997;5.688;5.875;5.906;6.031;6.105;6.165;6.205;6.235;6.305;6.375
18/11/1997;5.688;5.875;5.906;6;6.085;6.145;6.185;6.215;6.275;6.345
19/11/1997;5.688;5.875;5.906;6;6.085;6.135;6.175;6.205;6.255;6.315
20/11/1997;5.688;5.875;5.906;6;6.085;6.135;6.175;6.195;6.245;6.305
21/11/1997;5.688;5.875;5.887;5.98;6.105;6.155;6.205;6.225;6.275;6.335
24/11/1997;5.688;5.875;5.887;5.98;6.075;6.135;6.165;6.205;6.245;6.315
25/11/1997;5.688;5.875;5.906;6;6.075;6.135;6.165;6.195;6.255;6.315
26/11/1997;5.688;5.875;5.906;6;6.075;6.135;6.175;6.205;6.265;6.325
27/11/1997;5.969;5.879;5.906;6;6.095;6.155;6.185;6.215;6.265;6.325
28/11/1997;5.969;5.902;5.914;6.012;6.115;6.165;6.195;6.215;6.265;6.315
01/12/1997;5.969;5.906;5.938;6.031;6.115;6.165;6.195;6.225;6.265;6.315
02/12/1997;5.992;5.918;5.938;6.047;6.125;6.175;6.205;6.225;6.265;6.315
03/12/1997;6;5.938;5.938;6.047;6.085;6.135;6.165;6.195;6.245;6.295
04/12/1997;6;5.938;5.938;6.027;6.055;6.105;6.125;6.155;6.205;6.265
05/12/1997;5.969;5.906;5.906;6;6.125;6.165;6.205;6.245;6.305;6.375
08/12/1997;6;5.938;5.969;6.094;6.165;6.215;6.255;6.275;6.325;6.385
09/12/1997;6;5.938;6;6.125;6.165;6.215;6.255;6.285;6.335;6.395
10/12/1997;6;5.938;5.969;6.094;6.125;6.175;6.205;6.235;6.295;6.355
11/12/1997;5.98;5.938;5.938;6.063;6.055;6.095;6.125;6.155;6.205;6.265
12/12/1997;5.965;5.906;5.906;6.012;6.025;6.065;6.095;6.125;6.175;6.235
15/12/1997;5.961;5.906;5.906;5.973;6.015;6.055;6.085;6.105;6.155;6.215
16/12/1997;5.961;5.906;5.906;6;6.055;6.095;6.115;6.145;6.195;6.255
17/12/1997;5.965;5.906;5.914;6.031;6.055;6.095;6.125;6.155;6.195;6.255
18/12/1997;5.969;5.906;5.906;6.031;6.045;6.075;6.105;6.135;6.185;6.235
19/12/1997;5.969;5.906;5.906;6;5.995;6.025;6.045;6.075;6.115;6.165
22/12/1997;5.941;5.906;5.906;5.969;6.025;6.065;6.085;6.105;6.145;6.195
23/12/1997;5.969;5.906;5.906;5.969;6.025;6.055;6.095;6.115;6.145;6.195
24/12/1997;6;5.906;5.906;5.969;6.025;6.065;6.095;6.105;6.145;6.205
25/12/1997;6;5.906;5.906;5.969;6.025;6.065;6.095;6.105;6.145;6.205
26/12/1997;6;5.906;5.906;5.969;6.025;6.065;6.095;6.105;6.145;6.205
29/12/1997;5.938;5.906;5.906;5.969;6.035;6.075;6.115;6.145;6.175;6.235
30/12/1997;5.723;5.813;5.844;5.969;6.035;6.075;6.125;6.155;6.185;6.255
31/12/1997;5.719;5.813;5.844;5.969;6.045;6.085;6.125;6.155;6.195;6.265
01/01/1998;5.71875;5.813;5.844;5.969;6.045;6.085;6.125;6.155;6.195;6.265
02/01/1998;5.71875;5.809;5.844;5.938;6.015;6.055;6.095;6.125;6.165;6.235
05/01/1998;5.69141;5.781;5.813;5.875;5.845;5.875;5.905;5.925;5.965;6.025
06/01/1998;5.66797;5.719;5.75;5.813;5.805;5.835;5.855;5.885;5.945;6.005
07/01/1998;5.62891;5.691;5.719;5.754;5.765;5.795;5.825;5.845;5.915;5.995
08/01/1998;5.62891;5.688;5.719;5.75;5.735;5.765;5.805;5.825;5.895;5.995
09/01/1998;5.59766;5.656;5.656;5.688;5.635;5.675;5.715;5.745;5.835;5.965
12/01/1998;5.58594;5.578;5.563;5.594;5.535;5.575;5.635;5.685;5.765;5.905
13/01/1998;5.59375;5.594;5.594;5.625;5.625;5.655;5.695;5.745;5.825;5.935
14/01/1998;5.60938;5.625;5.625;5.672;5.605;5.645;5.685;5.725;5.815;5.915
15/01/1998;5.59375;5.598;5.602;5.625;5.615;5.655;5.715;5.765;5.855;5.955
16/01/1998;5.61719;5.625;5.625;5.656;5.675;5.725;5.775;5.815;5.905;6.005
19/01/1998;5.61328;5.625;5.656;5.688;5.695;5.735;5.785;5.825;5.915;6.025
20/01/1998;5.61328;5.625;5.656;5.668;5.675;5.725;5.775;5.825;5.915;6.015
21/01/1998;5.62109;5.625;5.625;5.656;5.685;5.735;5.785;5.835;5.935;6.035
22/01/1998;5.60156;5.621;5.625;5.656;5.635;5.685;5.745;5.785;5.885;6.015
23/01/1998;5.60547;5.625;5.625;5.656;5.675;5.735;5.795;5.855;5.955;6.095
26/01/1998;5.62500;5.625;5.633;5.688;5.705;5.765;5.835;5.895;5.995;6.115
27/01/1998;5.62500;5.625;5.625;5.688;5.765;5.835;5.895;5.955;6.055;6.165
28/01/1998;5.62500;5.629;5.656;5.719;5.775;5.845;5.905;5.955;6.055;6.155
29/01/1998;5.62500;5.652;5.656;5.719;5.655;5.715;5.785;5.835;5.925;6.045
30/01/1998;5.59766;5.625;5.625;5.656;5.675;5.735;5.795;5.845;5.925;6.025
02/02/1998;5.61719;5.625;5.625;5.656;5.685;5.735;5.785;5.835;5.915;6.025
03/02/1998;5.62500;5.625;5.625;5.656;5.655;5.705;5.755;5.805;5.895;6.015
04/02/1998;5.62109;5.625;5.625;5.656;5.645;5.695;5.755;5.805;5.895;6.025
05/02/1998;5.62500;5.625;5.625;5.656;5.665;5.715;5.775;5.825;5.925;6.045
06/02/1998;5.62500;5.625;5.625;5.656;5.695;5.745;5.815;5.865;5.955;6.065
09/02/1998;5.62500;5.625;5.625;5.68;5.715;5.785;5.835;5.895;5.985;6.095
10/02/1998;5.62500;5.629;5.648;5.699;5.705;5.765;5.825;5.875;5.965;6.085
11/02/1998;5.62500;5.625;5.656;5.688;5.715;5.765;5.825;5.865;5.955;6.055
12/02/1998;5.62500;5.625;5.656;5.688;5.665;5.715;5.765;5.805;5.875;5.965
13/02/1998;5.62500;5.625;5.625;5.688;5.675;5.735;5.785;5.835;5.905;5.995
16/02/1998;5.61719;5.625;5.625;5.656;5.665;5.715;5.775;5.825;5.895;5.985
17/02/1998;5.61719;5.625;5.625;5.656;5.655;5.705;5.755;5.795;5.875;5.955
18/02/1998;5.62500;5.625;5.625;5.656;5.655;5.705;5.765;5.805;5.885;5.955
19/02/1998;5.62500;5.625;5.625;5.656;5.695;5.755;5.805;5.855;5.925;6.005
20/02/1998;5.62500;5.625;5.625;5.668;5.705;5.765;5.815;5.865;5.945;6.025
23/02/1998;5.62500;5.625;5.625;5.656;5.735;5.785;5.835;5.885;5.965;6.035
24/02/1998;5.62500;5.641;5.656;5.703;5.825;5.885;5.945;5.985;6.055;6.125
25/02/1998;5.63281;5.672;5.691;5.797;5.855;5.915;5.955;5.995;6.075;6.125
26/02/1998;5.67188;5.676;5.695;5.781;5.845;5.895;5.945;5.975;6.045;6.105
27/02/1998;5.68750;5.68;5.695;5.793;5.875;5.945;5.985;6.015;6.075;6.155
02/03/1998;5.68359;5.676;5.688;5.785;5.885;5.945;5.995;6.035;6.115;6.175
03/03/1998;5.68750;5.688;5.719;5.813;5.935;6.005;6.055;6.095;6.175;6.255
04/03/1998;5.68750;5.688;5.719;5.844;5.905;5.975;6.025;6.065;6.135;6.225
05/03/1998;5.68750;5.688;5.715;5.813;5.905;5.975;6.025;6.085;6.155;6.245
06/03/1998;5.68750;5.688;5.719;5.813;5.875;5.935;5.985;6.035;6.115;6.195
09/03/1998;5.68750;5.688;5.719;5.813;5.865;5.925;5.965;6.005;6.085;6.175
10/03/1998;5.68750;5.688;5.719;5.813;5.865;5.925;5.965;5.995;6.065;6.145
11/03/1998;5.68750;5.688;5.719;5.813;5.855;5.905;5.945;5.975;6.045;6.125
12/03/1998;5.68750;5.688;5.707;5.805;5.815;5.865;5.905;5.935;6.005;6.075
13/03/1998;5.68750;5.688;5.688;5.781;5.835;5.885;5.915;5.945;6.005;6.075
16/03/1998;5.68750;5.684;5.688;5.781;5.815;5.855;5.895;5.925;5.975;6.045
17/03/1998;5.68750;5.688;5.688;5.781;5.825;5.865;5.895;5.925;5.975;6.045
18/03/1998;5.68359;5.688;5.688;5.781;5.835;5.885;5.915;5.945;5.995;6.065
19/03/1998;5.68359;5.688;5.691;5.785;5.875;5.925;5.965;5.995;6.045;6.115
20/03/1998;5.68750;5.688;5.711;5.813;5.845;5.885;5.925;5.945;6.005;6.065
23/03/1998;5.68750;5.688;5.707;5.813;5.855;5.895;5.935;5.955;6.005;6.075
24/03/1998;5.68750;5.688;5.715;5.813;5.855;5.895;5.925;5.955;6.005;6.065
25/03/1998;5.68750;5.688;5.719;5.813;5.895;5.935;5.975;6.005;6.045;6.105
26/03/1998;5.68750;5.688;5.738;5.844;5.935;5.985;6.015;6.045;6.085;6.145
27/03/1998;5.68750;5.688;5.75;5.875;5.985;6.025;6.055;6.085;6.135;6.195
30/03/1998;5.68750;5.691;5.75;5.875;5.995;6.045;6.075;6.095;6.135;6.195
31/03/1998;5.68750;5.711;5.75;5.891;5.965;6.005;6.045;6.065;6.115;6.185
01/04/1998;5.68750;5.707;5.75;5.875;5.965;6.005;6.025;6.065;6.125;6.185
02/04/1998;5.67969;5.703;5.75;5.875;5.925;5.955;5.985;6.005;6.045;6.105
03/04/1998;5.65625;5.688;5.719;5.813;5.755;5.795;5.815;5.845;5.905;5.985
06/04/1998;5.65625;5.672;5.688;5.766;5.815;5.855;5.885;5.905;5.955;6.015
07/04/1998;5.65625;5.664;5.688;5.781;5.815;5.865;5.895;5.925;5.975;6.045
08/04/1998;5.65625;5.664;5.688;5.781;5.815;5.865;5.895;5.935;5.995;6.065
09/04/1998;5.65625;5.656;5.688;5.781;5.865;5.915;5.955;5.985;6.045;6.115
10/04/1998;5.65625;5.656;5.688;5.781;5.865;5.915;5.955;5.985;6.045;6.115
13/04/1998;5.65625;5.656;5.688;5.781;5.865;5.915;5.955;5.985;6.045;6.115
14/04/1998;5.65625;5.688;5.723;5.844;5.925;5.965;5.995;6.025;6.075;6.135
15/04/1998;5.65625;5.688;5.719;5.844;5.935;5.985;6.005;6.025;6.075;6.135
16/04/1998;5.65625;5.688;5.723;5.844;5.895;5.925;5.955;5.975;6.025;6.085
17/04/1998;5.65625;5.688;5.719;5.844;5.895;5.925;5.955;5.985;6.035;6.095
20/04/1998;5.65625;5.688;5.719;5.844;5.935;5.975;5.995;6.025;6.075;6.135
21/04/1998;5.65625;5.688;5.746;5.875;5.965;6.005;6.035;6.055;6.095;6.175
22/04/1998;5.65625;5.688;5.75;5.875;5.945;5.995;6.015;6.045;6.105;6.165
23/04/1998;5.65625;5.688;5.75;5.875;5.965;6.005;6.025;6.055;6.105;6.175
24/04/1998;5.65625;5.688;5.781;5.918;5.955;5.995;6.015;6.045;6.095;6.155
27/04/1998;5.65625;5.688;5.781;5.91;6.055;6.105;6.125;6.155;6.195;6.255
28/04/1998;5.65625;5.719;5.813;5.969;6.065;6.105;6.125;6.165;6.205;6.265
29/04/1998;5.65625;5.719;5.813;5.969;6.085;6.135;6.165;6.195;6.245;6.305
30/04/1998;5.65625;5.719;5.813;5.992;5.985;6.025;6.055;6.075;6.125;6.185
01/05/1998;5.65625;5.691;5.781;5.902;5.955;5.995;6.015;6.045;6.095;6.155
04/05/1998;5.65625;5.691;5.781;5.902;5.965;6.005;6.035;6.055;6.105;6.165
05/05/1998;5.65234;5.691;5.781;5.906;5.965;6.005;6.035;6.065;6.105;6.175
06/05/1998;5.65625;5.695;5.781;5.906;5.955;6.005;6.035;6.065;6.105;6.175
07/05/1998;5.65234;5.688;5.75;5.875;5.935;5.985;6.015;6.045;6.095;6.175
08/05/1998;5.65234;5.688;5.75;5.875;5.945;5.985;6.025;6.055;6.105;6.175
11/05/1998;5.64453;5.688;5.75;5.906;5.995;6.055;6.095;6.125;6.175;6.235
12/05/1998;5.64063;5.691;5.781;5.938;5.985;6.035;6.065;6.105;6.165;6.225
13/05/1998;5.65625;5.691;5.758;5.906;5.955;6.005;6.025;6.055;6.115;6.175
14/05/1998;5.65625;5.699;5.75;5.906;5.955;5.995;6.035;6.065;6.115;6.165
15/05/1998;5.65625;5.699;5.75;5.906;5.965;6.015;6.055;6.085;6.135;6.195
18/05/1998;5.65625;5.695;5.781;5.906;5.965;6.005;6.035;6.065;6.115;6.175
19/05/1998;5.65625;5.695;5.781;5.906;5.955;5.995;6.025;6.055;6.105;6.175
20/05/1998;5.64844;5.695;5.77;5.902;5.925;5.955;5.985;6.015;6.055;6.125
21/05/1998;5.64844;5.699;5.75;5.875;5.925;5.955;5.985;6.025;6.065;6.125
22/05/1998;5.64844;5.691;5.777;5.906;5.975;6.015;6.045;6.065;6.105;6.165
25/05/1998;5.64844;5.691;5.777;5.906;5.975;6.015;6.045;6.065;6.105;6.165
26/05/1998;5.64844;5.691;5.781;5.906;5.945;5.975;5.995;6.015;6.055;6.105
27/05/1998;5.64453;5.688;5.75;5.875;5.885;5.915;5.945;5.975;6.015;6.075
28/05/1998;5.65234;5.688;5.75;5.875;5.915;5.955;5.985;6.015;6.055;6.115
29/05/1998;5.65625;5.688;5.75;5.875;5.885;5.925;5.955;5.975;6.015;6.075
01/06/1998;5.65625;5.688;5.742;5.844;5.865;5.905;5.935;5.965;6.015;6.075
02/06/1998;5.65625;5.688;5.742;5.844;5.885;5.925;5.945;5.975;6.015;6.085
03/06/1998;5.65625;5.688;5.75;5.844;5.905;5.945;5.965;5.995;6.045;6.105
04/06/1998;5.65625;5.688;5.75;5.844;5.915;5.955;5.985;6.005;6.045;6.115
05/06/1998;5.65625;5.688;5.75;5.875;5.925;5.965;5.995;6.025;6.065;6.115
08/06/1998;5.65625;5.688;5.75;5.875;5.935;5.975;5.995;6.035;6.065;6.125
09/06/1998;5.65625;5.688;5.75;5.875;5.945;5.985;6.015;6.035;6.075;6.125
10/06/1998;5.65625;5.688;5.75;5.875;5.915;5.955;5.975;5.995;6.025;6.075
11/06/1998;5.65625;5.688;5.75;5.844;5.845;5.865;5.895;5.915;5.955;6.015
12/06/1998;5.65625;5.688;5.719;5.813;5.805;5.835;5.855;5.875;5.915;5.965
15/06/1998;5.65234;5.688;5.719;5.781;5.775;5.805;5.825;5.845;5.895;5.945
16/06/1998;5.65234;5.688;5.719;5.781;5.805;5.835;5.865;5.875;5.915;5.975
17/06/1998;5.64844;5.688;5.719;5.813;5.865;5.905;5.935;5.965;6.015;6.065
18/06/1998;5.65625;5.688;5.75;5.844;5.855;5.895;5.925;5.945;5.995;6.055
19/06/1998;5.65625;5.688;5.75;5.844;5.875;5.905;5.925;5.965;6.015;6.065
22/06/1998;5.65234;5.688;5.742;5.813;5.835;5.855;5.875;5.905;5.945;5.995
23/06/1998;5.65625;5.688;5.75;5.813;5.845;5.875;5.895;5.915;5.955;6.005
24/06/1998;5.65625;5.688;5.75;5.813;5.825;5.855;5.875;5.895;5.945;5.985
25/06/1998;5.65625;5.688;5.75;5.813;5.865;5.895;5.905;5.935;5.975;6.035
26/06/1998;5.68750;5.688;5.75;5.84;5.875;5.915;5.935;5.955;6.005;6.035
29/06/1998;5.66797;5.699;5.781;5.844;5.865;5.905;5.915;5.945;5.975;6.03
30/06/1998;5.66016;5.719;5.781;5.844;5.865;5.895;5.915;5.945;5.985;6.015
01/07/1998;5.66016;5.719;5.781;5.844;5.825;5.845;5.865;5.885;5.925;5.985
02/07/1998;5.65625;5.688;5.75;5.813;5.795;5.825;5.845;5.865;5.905;5.955
03/07/1998;5.65625;5.688;5.75;5.813;5.815;5.835;5.855;5.875;5.915;5.965
06/07/1998;5.65625;5.688;5.75;5.813;5.795;5.815;5.835;5.855;5.895;5.955
07/07/1998;5.65625;5.688;5.75;5.813;5.815;5.845;5.865;5.885;5.925;5.975
08/07/1998;5.65625;5.688;5.75;5.813;5.805;5.835;5.865;5.885;5.935;5.995
09/07/1998;5.65625;5.688;5.75;5.813;5.785;5.815;5.845;5.865;5.905;5.965
10/07/1998;5.65625;5.688;5.75;5.805;5.785;5.815;5.845;5.865;5.905;5.965
13/07/1998;5.65625;5.688;5.75;5.781;5.805;5.835;5.875;5.905;5.955;6.015
14/07/1998;5.65625;5.688;5.75;5.813;5.815;5.865;5.895;5.925;5.985;6.055
15/07/1998;5.65625;5.688;5.75;5.813;5.815;5.845;5.875;5.905;5.965;6.035
16/07/1998;5.65625;5.688;5.75;5.813;5.825;5.855;5.895;5.925;5.965;6.035
17/07/1998;5.65625;5.688;5.75;5.813;5.835;5.875;5.905;5.935;5.995;6.055
20/07/1998;5.65625;5.688;5.75;5.813;5.825;5.865;5.895;5.925;5.975;6.035
21/07/1998;5.65234;5.688;5.75;5.813;5.835;5.865;5.895;5.915;5.955;6.015
22/07/1998;5.65625;5.688;5.75;5.813;5.835;5.855;5.885;5.905;5.945;6.005
23/07/1998;5.65625;5.688;5.75;5.813;5.835;5.865;5.895;5.915;5.955;6.005
24/07/1998;5.65625;5.688;5.75;5.813;5.835;5.865;5.895;5.915;5.955;6.005
27/07/1998;5.65625;5.688;5.75;5.813;5.815;5.845;5.875;5.905;5.945;6.005
28/07/1998;5.65625;5.688;5.75;5.813;5.845;5.875;5.905;5.945;5.995;6.035
29/07/1998;5.65625;5.688;5.75;5.813;5.855;5.885;5.915;5.945;5.985;6.045
30/07/1998;5.65625;5.688;5.75;5.828;5.865;5.905;5.945;5.965;6.005;6.065
31/07/1998;5.65625;5.688;5.75;5.824;5.875;5.915;5.945;5.965;6.005;6.055
03/08/1998;5.65625;5.688;5.75;5.813;5.845;5.885;5.915;5.935;5.975;6.035
04/08/1998;5.65625;5.688;5.75;5.813;5.825;5.865;5.885;5.905;5.945;5.995
05/08/1998;5.65234;5.688;5.75;5.789;5.805;5.845;5.875;5.895;5.945;5.995
06/08/1998;5.65234;5.688;5.75;5.781;5.815;5.855;5.885;5.915;5.955;6.015
07/08/1998;5.65234;5.688;5.75;5.781;5.795;5.835;5.865;5.895;5.945;6.015
10/08/1998;5.64844;5.688;5.719;5.754;5.765;5.805;5.835;5.875;5.925;5.985
11/08/1998;5.64844;5.688;5.719;5.75;5.735;5.785;5.815;5.855;5.905;5.985
12/08/1998;5.64063;5.688;5.719;5.75;5.765;5.815;5.855;5.895;5.965;6.035
13/08/1998;5.64063;5.688;5.719;5.719;5.755;5.805;5.855;5.885;5.945;6.025
14/08/1998;5.64453;5.688;5.719;5.746;5.755;5.805;5.845;5.885;5.935;6.005
17/08/1998;5.64453;5.688;5.719;5.719;5.735;5.775;5.815;5.855;5.915;6.005
18/08/1998;5.64844;5.688;5.719;5.719;5.765;5.815;5.865;5.905;5.975;6.065
19/08/1998;5.64844;5.688;5.719;5.719;5.775;5.825;5.875;5.905;5.985;6.055
20/08/1998;5.64453;5.688;5.719;5.73;5.745;5.795;5.845;5.885;5.955;6.025
21/08/1998;5.64844;5.688;5.719;5.719;5.675;5.745;5.815;5.875;5.955;6.065
24/08/1998;5.64844;5.688;5.688;5.688;5.685;5.745;5.825;5.875;5.955;6.085
25/08/1998;5.64453;5.688;5.688;5.688;5.685;5.755;5.825;5.895;5.995;6.105
26/08/1998;5.65234;5.688;5.688;5.688;5.645;5.72;5.785;5.845;5.945;6.055
27/08/1998;5.65625;5.688;5.688;5.656;5.505;5.565;5.635;5.695;5.805;5.935
28/08/1998;5.64453;5.625;5.594;5.531;5.515;5.575;5.655;5.695;5.805;5.915
31/08/1998;5.64453;5.625;5.594;5.531;5.515;5.575;5.655;5.695;5.815;5.905
01/09/1998;5.62500;5.594;5.563;5.488;5.455;5.525;5.595;5.675;5.755;5.875
02/09/1998;5.62500;5.594;5.563;5.5;5.485;5.555;5.635;5.695;5.785;5.885
03/09/1998;5.62500;5.594;5.563;5.5;5.425;5.495;5.555;5.625;5.705;5.825
04/09/1998;5.62500;5.594;5.563;5.5;5.425;5.465;5.535;5.585;5.655;5.755
07/09/1998;5.62500;5.594;5.535;5.469;5.365;5.425;5.485;5.565;5.645;5.745
08/09/1998;5.65625;5.594;5.531;5.469;5.365;5.415;5.485;5.535;5.635;5.745
09/09/1998;5.62500;5.586;5.504;5.41;5.285;5.335;5.415;5.475;5.575;5.705
10/09/1998;5.62500;5.563;5.5;5.379;5.175;5.205;5.275;5.335;5.445;5.575
11/09/1998;5.58984;5.5;5.406;5.238;5.115;5.175;5.245;5.325;5.425;5.565
14/09/1998;5.58203;5.5;5.406;5.25;5.225;5.275;5.345;5.415;5.525;5.665
15/09/1998;5.58203;5.5;5.406;5.25;5.175;5.215;5.285;5.355;5.465;5.635
16/09/1998;5.58984;5.5;5.406;5.262;5.225;5.265;5.335;5.405;5.515;5.675
17/09/1998;5.58984;5.5;5.406;5.281;5.165;5.205;5.285;5.355;5.455;5.605
18/09/1998;5.58594;5.5;5.414;5.281;5.155;5.205;5.265;5.325;5.425;5.565
21/09/1998;5.59375;5.5;5.406;5.25;5.105;5.125;5.175;5.245;5.355;5.485
22/09/1998;5.59375;5.5;5.414;5.281;5.125;5.165;5.225;5.295;5.395;5.525
23/09/1998;5.59375;5.5;5.406;5.254;5.105;5.145;5.215;5.295;5.405;5.555
24/09/1998;5.52734;5.438;5.344;5.156;5.025;5.075;5.155;5.245;5.355;5.495
25/09/1998;5.38672;5.313;5.25;5.063;4.935;4.975;5.065;5.145;5.245;5.385
28/09/1998;5.37500;5.313;5.25;5.063;4.925;4.965;5.045;5.125;5.235;5.375
29/09/1998;5.34375;5.313;5.25;5.063;4.945;4.985;5.075;5.155;5.255;5.395
30/09/1998;5.37500;5.313;5.246;5.063;4.815;4.855;4.925;5.005;5.115;5.245